enzymes,sites,expanded_sites
AaaI,CGGCCG,CGGCCG
AacLI,GGATCC,GGATCC
AaeI,GGATCC,GGATCC
AagI,ATCGAT,ATCGAT
AanI,TTATAA,TTATAA
AaqI,GTGCAC,GTGCAC
AarI,CACCTGC,CACCTGC
AasI,GACNNNNNNGTC,GAC[ACGT][ACGT][ACGT][ACGT][ACGT][ACGT]GTC
AatI,AGGCCT,AGGCCT
AatII,GACGTC,GACGTC
AauI,TGTACA,TGTACA
AbaI,TGATCA,TGATCA
Aba0088II,GNGCAAC,G[ACGT]GCAAC
Aba6411II,CRRTAAG,C[AG][AG]TAAG
Aba7804II,GNGCAAC,G[ACGT]GCAAC
AbaAI,C,C
AbaB8342IV,CATTAG,CATTAG
AbaBGI,C,C
AbaCI,C,C
AbaCIII,CTATCAV,CTATCA[ACG]
AbaDI,C,C
AbaHI,C,C
AbaSI,C,C
AbaTI,C,C
AbaUI,C,C
AbaUMB2I,YCCGSS,[CT]CCG[CG][CG]
AbeI,CCTCAGC,CCTCAGC
AbrI,CTCGAG,CTCGAG
AbsI,CCTCGAGG,CCTCGAGG
AcaI,TTCGAA,TTCGAA
AcaII,GGATCC,GGATCC
AcaIII,TGCGCA,TGCGCA
AcaIV,GGCC,GGCC
AcaPI,C,C
AccI,GTMKAC,GT[AC][GT]AC
AccII,CGCG,CGCG
AccIII,TCCGGA,TCCGGA
Acc16I,TGCGCA,TGCGCA
Acc36I,ACCTGC,ACCTGC
Acc38I,CCWGG,CC[AT]GG
Acc65I,GGTACC,GGTACC
Acc65V,GACGCA,GACGCA
Acc113I,AGTACT,AGTACT
AccB1I,GGYRCC,GG[CT][AG]CC
AccB2I,RGCGCY,[AG]GCGC[CT]
AccB7I,CCANNNNNTGG,CCA[ACGT][ACGT][ACGT][ACGT][ACGT]TGG
AccBSI,CCGCTC,CCGCTC
AccEBI,GGATCC,GGATCC
AceI,GCWGC,GC[AT]GC
AceII,GCTAGC,GCTAGC
AceIII,CAGCTC,CAGCTC
AchA6III,AGCCAG,AGCCAG
AciI,CCGC,CCGC
AclI,AACGTT,AACGTT
AclNI,ACTAGT,ACTAGT
AclWI,GGATC,GGATC
AcoI,YGGCCR,[CT]GGCC[AG]
Aco12261II,CCRGAG,CC[AG]GAG
AcoY31II,TAGCRAB,TAGC[AG]A[CGT]
AcpI,TTCGAA,TTCGAA
AcpII,CCANNNNNTGG,CCA[ACGT][ACGT][ACGT][ACGT][ACGT]TGG
AcrI,CYCGRG,C[CT]CG[AG]G
AcrII,GGTNACC,GGT[ACGT]ACC
AcsI,RAATTY,[AG]AATT[CT]
Acs1371I,GTCGAC,GTCGAC
Acs1372I,GTCGAC,GTCGAC
Acs1373I,GTCGAC,GTCGAC
Acs1421I,GTCGAC,GTCGAC
Acs1422I,GTCGAC,GTCGAC
AcuI,CTGAAG,CTGAAG
AcuII,CCWGG,CC[AT]GG
AcvI,CACGTG,CACGTG
AcyI,GRCGYC,G[AG]CG[CT]C
AdeI,CACNNNGTG,CAC[ACGT][ACGT][ACGT]GTG
Adh6U21I,GAANCAG,GAA[ACGT]CAG
AehI,CTCGAG,CTCGAG
AehII,AGGCCT,AGGCCT
AerAI,CTCGAG,CTCGAG
AeuI,CCWGG,CC[AT]GG
AfaI,GTAC,GTAC
Afa22MI,CGATCG,CGATCG
Afa16RI,CGATCG,CGATCG
Afa24RI,GCCGGC,GCCGGC
AfeI,AGCGCT,AGCGCT
AfiI,CCNNNNNNNGG,CC[ACGT][ACGT][ACGT][ACGT][ACGT][ACGT][ACGT]GG
AflI,GGWCC,GG[AT]CC
AflII,CTTAAG,CTTAAG
AflIII,ACRYGT,AC[AG][CT]GT
AflIV,AGTACT,AGTACT
Afl83I,TTCGAA,TTCGAA
Afl83II,GGCC,GGCC
AgeI,ACCGGT,ACCGGT
AglI,CCWGG,CC[AT]GG
AgsI,TTSAA,TT[CG]AA
AhaI,CCSGG,CC[CG]GG
AhaII,GRCGYC,G[AG]CG[CT]C
AhaIII,TTTAAA,TTTAAA
AhaB1I,GGNCC,GG[ACGT]CC
AhaB8I,GGTACC,GGTACC
AhdI,GACNNNNNGTC,GAC[ACGT][ACGT][ACGT][ACGT][ACGT]GTC
AhlI,ACTAGT,ACTAGT
AhyI,CCCGGG,CCCGGG
AhyAI,CTCGAG,CTCGAG
AhyRBAHI,GCYYGAC,GC[CT][CT]GAC
AhyYL17I,YAAMGAG,[CT]AA[AC]GAG
AinI,CTGCAG,CTGCAG
AinII,GGATCC,GGATCC
AitI,AGCGCT,AGCGCT
AitII,RGATCY,[AG]GATC[CT]
AitAI,RGATCY,[AG]GATC[CT]
AjiI,CACGTC,CACGTC
AjnI,CCWGG,CC[AT]GG
AjoI,CTGCAG,CTGCAG
AjuI,GAANNNNNNNTTGG,GAA[ACGT][ACGT][ACGT][ACGT][ACGT][ACGT][ACGT]TTGG
Ala17612I,GCWGC,GC[AT]GC
AleI,CACNNNNGTG,CAC[ACGT][ACGT][ACGT][ACGT]GTG
AlfI,GCANNNNNNTGC,GCA[ACGT][ACGT][ACGT][ACGT][ACGT][ACGT]TGC
AliI,GGATCC,GGATCC
Ali2882I,CTGCAG,CTGCAG
Ali12257I,GGATCC,GGATCC
Ali12258I,GGATCC,GGATCC
AliAJI,CTGCAG,CTGCAG
AloI,GAACNNNNNNTCC,GAAC[ACGT][ACGT][ACGT][ACGT][ACGT][ACGT]TCC
AluI,AGCT,AGCT
AluBI,AGCT,AGCT
AlwI,GGATC,GGATC
Alw21I,GWGCWC,G[AT]GC[AT]C
Alw26I,GTCTC,GTCTC
Alw44I,GTGCAC,GTGCAC
AlwFI,GAAAYNNNNNRTG,GAAA[CT][ACGT][ACGT][ACGT][ACGT][ACGT][AG]TG
AlwFII,CTCGAG,CTCGAG
AlwNI,CAGNNNCTG,CAG[ACGT][ACGT][ACGT]CTG
AlwXI,GCAGC,GCAGC
Ama87I,CYCGRG,C[CT]CG[AG]G
AmaCSI,GCTCCA,GCTCCA
AmaSI,TCGCGA,TCGCGA
AmeI,GTGCAC,GTGCAC
AmeII,GCCGGC,GCCGGC
AniMI,GCCGGC,GCCGGC
AocI,CCTNAGG,CCT[ACGT]AGG
AocII,GDGCHC,G[AGT]GC[ACT]C
Aod1I,GATCNAC,GATC[ACGT]AC
AorI,CCWGG,CC[AT]GG
Aor13HI,TCCGGA,TCCGGA
Aor51HI,AGCGCT,AGCGCT
AosI,TGCGCA,TGCGCA
AosII,GRCGYC,G[AG]CG[CT]C
AosIII,CCGCGG,CCGCGG
AoxI,GGCC,GGCC
ApaI,GGGCCC,GGGCCC
ApaBI,GCANNNNNTGC,GCA[ACGT][ACGT][ACGT][ACGT][ACGT]TGC
ApaCI,GGATCC,GGATCC
ApaLI,GTGCAC,GTGCAC
ApaORI,CCWGG,CC[AT]GG
ApcTR183I,TGCGCA,TGCGCA
ApeI,ACGCGT,ACGCGT
ApeAI,GCCGGC,GCCGGC
ApeKI,GCWGC,GC[AT]GC
ApiI,CTGCAG,CTGCAG
AplI,CTGCAG,CTGCAG
ApoI,RAATTY,[AG]AATT[CT]
AprI,GCCGGC,GCCGGC
ApuI,GGNCC,GG[ACGT]CC
Apu16I,ATCGAT,ATCGAT
ApyI,CCWGG,CC[AT]GG
ApyPI,ATCGAC,ATCGAC
AquI,CYCGRG,C[CT]CG[AG]G
AquII,GCCGNAC,GCCG[ACGT]AC
AquIII,GAGGAG,GAGGAG
AquIV,GRGGAAG,G[AG]GGAAG
ArsI,GACNNNNNNTTYG,GAC[ACGT][ACGT][ACGT][ACGT][ACGT][ACGT]TT[CT]G
AscI,GGCGCGCC,GGCGCGCC
AseI,ATTAAT,ATTAAT
AseII,CCSGG,CC[CG]GG
AsiI,GGATCC,GGATCC
Asi256I,GATC,GATC
Asi372I,ATGCAT,ATGCAT
AsiAI,ACCGGT,ACCGGT
AsiGI,ACCGGT,ACCGGT
AsiSI,GCGATCGC,GCGATCGC
AsnI,ATTAAT,ATTAAT
AspI,GACNNNGTC,GAC[ACGT][ACGT][ACGT]GTC
Asp1I,CCSGG,CC[CG]GG
Asp14I,ATCGAT,ATCGAT
Asp15I,CTCGAG,CTCGAG
Asp17I,RGATCY,[AG]GATC[CT]
Asp22I,RGATCY,[AG]GATC[CT]
Asp36I,CTGCAG,CTGCAG
Asp37I,ATCGAT,ATCGAT
Asp47I,CTCGAG,CTCGAG
Asp52I,AAGCTT,AAGCTT
Asp78I,AGGCCT,AGGCCT
Asp86I,ATCGAT,ATCGAT
Asp90I,ACRYGT,AC[AG][CT]GT
Asp103I,CGRAGGC,CG[AG]AGGC
Asp123I,ATCGAT,ATCGAT
Asp130I,ATCGAT,ATCGAT
Asp697I,GGWCC,GG[AT]CC
Asp700I,GAANNNNTTC,GAA[ACGT][ACGT][ACGT][ACGT]TTC
Asp703I,CTCGAG,CTCGAG
Asp707I,ATCGAT,ATCGAT
Asp708I,CTGCAG,CTGCAG
Asp713I,CTGCAG,CTGCAG
Asp718I,GGTACC,GGTACC
Asp742I,GGCC,GGCC
Asp745I,GGWCC,GG[AT]CC
Asp748I,CCGG,CCGG
Asp763I,AGTACT,AGTACT
Asp3065I,AAGCTT,AAGCTT
AspAI,GGTNACC,GGT[ACGT]ACC
AspA2I,CCTAGG,CCTAGG
AspBI,CYCGRG,C[CT]CG[AG]G
AspBII,GGWCC,GG[AT]CC
AspBHI,YSCNS,[CT][CG]C[ACGT][CG]
AspBHII,RGGWCCY,[AG]GG[AT]CC[CT]
AspCNI,GCCGC,GCCGC
AspDI,CYCGRG,C[CT]CG[AG]G
AspDII,GGWCC,GG[AT]CC
AspDUT2V,GNGCAAC,G[ACGT]GCAAC
AspEI,GACNNNNNGTC,GAC[ACGT][ACGT][ACGT][ACGT][ACGT]GTC
AspHI,GWGCWC,G[AT]GC[AT]C
Asp1HI,RGATCY,[AG]GATC[CT]
Asp2HI,CCWGG,CC[AT]GG
Asp5HI,GCATGC,GCATGC
Asp6HI,RGATCY,[AG]GATC[CT]
Asp8HI,RGATCY,[AG]GATC[CT]
Asp10HI,TTCGAA,TTCGAA
Asp10HII,CCANNNNNTGG,CCA[ACGT][ACGT][ACGT][ACGT][ACGT]TGG
Asp14HI,RGATCY,[AG]GATC[CT]
Asp16HI,GTAC,GTAC
Asp17HI,GTAC,GTAC
Asp18HI,GTAC,GTAC
Asp21HI,RGATCY,[AG]GATC[CT]
Asp26HI,GAATGC,GAATGC
Asp27HI,GAATGC,GAATGC
Asp29HI,GTAC,GTAC
Asp32HI,CCGCGG,CCGCGG
Asp35HI,GAATGC,GAATGC
Asp36HI,GAATGC,GAATGC
Asp40HI,GAATGC,GAATGC
Asp50HI,GAATGC,GAATGC
AspJI,GACGTC,GACGTC
AspJHL3II,CGCCCAG,CGCCCAG
AspLEI,GCGC,GCGC
AspMI,AGGCCT,AGGCCT
AspMDI,GATC,GATC
AspNI,GGNNCC,GG[ACGT][ACGT]CC
AspNIH4III,AAGAACB,AAGAAC[CGT]
AspS9I,GGNCC,GG[ACGT]CC
AspSLV7III,GTCTCA,GTCTCA
AspTI,CTGCAG,CTGCAG
AspTII,GGATCC,GGATCC
AspTIII,GGCC,GGCC
AspTB23I,GCWGC,GC[AT]GC
Asp114pII,AGCABCC,AGCA[CGT]CC
AssI,AGTACT,AGTACT
AstWI,GRCGYC,G[AG]CG[CT]C
AsuI,GGNCC,GG[ACGT]CC
AsuII,TTCGAA,TTCGAA
AsuIII,GRCGYC,G[AG]CG[CT]C
Asu14238IV,CGTRAC,CGT[AG]AC
AsuC2I,CCSGG,CC[CG]GG
AsuHPI,GGTGA,GGTGA
AsuMBI,GATC,GATC
AsuNHI,GCTAGC,GCTAGC
AsuSAI,CCTNAGG,CCT[ACGT]AGG
AteI,CCATGG,CCATGG
AteTI,GGGRAG,GGG[AG]AG
AtsI,GACNNNGTC,GAC[ACGT][ACGT][ACGT]GTC
AtuII,CCWGG,CC[AT]GG
Atu1I,CCWGG,CC[AT]GG
Atu1II,GGATCC,GGATCC
AtuBI,CCWGG,CC[AT]GG
AtuSI,TGATCA,TGATCA
AvaI,CYCGRG,C[CT]CG[AG]G
AvaII,GGWCC,GG[AT]CC
AvaIII,ATGCAT,ATGCAT
Ava458I,YGGCCR,[CT]GGCC[AG]
AvcI,GGNCC,GG[ACGT]CC
AviI,TTCGAA,TTCGAA
AviII,TGCGCA,TGCGCA
AvoI,RCATGY,[AG]CATG[CT]
AvrI,CYCGRG,C[CT]CG[AG]G
AvrII,CCTAGG,CCTAGG
AvrBI,GGCC,GGCC
AvrBII,CCTAGG,CCTAGG
Awo1030IV,GCCRAG,GCC[AG]AG
AxyI,CCTNAGG,CCT[ACGT]AGG
BacI,CCGCGG,CCGCGG
Bac36I,GGNCC,GG[ACGT]CC
Bac465I,CCGCGG,CCGCGG
BadI,CTCGAG,CTCGAG
BaeI,ACNNNNGTAYC,AC[ACGT][ACGT][ACGT][ACGT]GTA[CT]C
BaeGI,GKGCMC,G[GT]GC[AC]C
Bag18758I,CCCGAG,CCCGAG
BalI,TGGCCA,TGGCCA
Bal228I,GGNCC,GG[ACGT]CC
Bal475I,GGCC,GGCC
Bal3006I,GGCC,GGCC
BamFI,GGATCC,GGATCC
BamGI,CAGCTG,CAGCTG
BamHI,GGATCC,GGATCC
BamKI,GGATCC,GGATCC
BamNI,GGATCC,GGATCC
BamNII,GGWCC,GG[AT]CC
BanI,GGYRCC,GG[CT][AG]CC
BanII,GRGCYC,G[AG]GC[CT]C
BanIII,ATCGAT,ATCGAT
Ban4602I,GACGAG,GACGAG
BanAI,GGCC,GGCC
BanLI,RTCAGG,[AG]TCAGG
BarI,GAAGNNNNNNTAC,GAAG[ACGT][ACGT][ACGT][ACGT][ACGT][ACGT]TAC
BasI,CCANNNNNTGG,CCA[ACGT][ACGT][ACGT][ACGT][ACGT]TGG
BauI,CACGAG,CACGAG
Bau1417V,GTTCAG,GTTCAG
Bau1419II,ACRGAG,AC[AG]GAG
BavI,CAGCTG,CAGCTG
BavAI,CAGCTG,CAGCTG
BavAII,GGNCC,GG[ACGT]CC
BavBI,CAGCTG,CAGCTG
BavBII,GGNCC,GG[ACGT]CC
BavCI,ATCGAT,ATCGAT
BazI,ATCGAT,ATCGAT
Bba179I,WCCGGW,[AT]CCGG[AT]
BbeI,GGCGCC,GGCGCC
BbeAI,GGCGCC,GGCGCC
BbfI,CTCGAG,CTCGAG
Bbf7411I,TCCGGA,TCCGGA
BbiI,CTGCAG,CTGCAG
BbiII,GRCGYC,G[AG]CG[CT]C
BbiIII,CTCGAG,CTCGAG
Bbi24I,ACGCGT,ACGCGT
BbiDI,C,C
BbrI,AAGCTT,AAGCTT
Bbr02I,GATC,GATC
Bbr7I,GAAGAC,GAAGAC
Bbr09I,RGATCY,[AG]GATC[CT]
Bbr11I,GGRCAG,GG[AG]CAG
Bbr51I,GGCGAG,GGCGAG
Bbr52I,RGATCY,[AG]GATC[CT]
Bbr52II,GGCGAG,GGCGAG
Bbr57II,GAGGAC,GAGGAC
Bbr57III,GTRAAYG,GT[AG]AA[CT]G
Bbr215I,GGCGAG,GGCGAG
Bbr215II,GAGGAC,GAGGAC
Bbr7017II,CGGGAG,CGGGAG
Bbr7017III,GGRCAG,GG[AG]CAG
BbrAI,AAGCTT,AAGCTT
BbrPI,CACGTG,CACGTG
R1.BbrUI,GGCGCC,GGCGCC
BbrUII,GTCGAC,GTCGAC
BbrUIII,CTGCAG,CTGCAG
BbsI,GAAGAC,GAAGAC
BbtI,GCGC,GCGC
BbuI,GCATGC,GCATGC
BbuB31I,GNAAYG,G[ACGT]AA[CT]G
BbuB31II,CGRKA,CG[AG][GT]A
BbuNRZI,CGRKA,CG[AG][GT]A
BbvI,GCAGC,GCAGC
BbvII,GAAGAC,GAAGAC
Bbv12I,GWGCWC,G[AT]GC[AT]C
Bbv16II,GAAGAC,GAAGAC
BbvAI,GAANNNNTTC,GAA[ACGT][ACGT][ACGT][ACGT]TTC
BbvAII,ATCGAT,ATCGAT
BbvAIII,TCCGGA,TCCGGA
BbvBI,GGYRCC,GG[CT][AG]CC
BbvCI,CCTCAGC,CCTCAGC
BcaI,GCGC,GCGC
Bca77I,WCCGGW,[AT]CCGG[AT]
Bca1259I,GGATCC,GGATCC
BccI,CCATC,CCATC
Bce4I,GCNNNNNNNGC,GC[ACGT][ACGT][ACGT][ACGT][ACGT][ACGT][ACGT]GC
Bce22I,GGNCC,GG[ACGT]CC
Bce71I,GGCC,GGCC
Bce83I,CTTGAG,CTTGAG
Bce95I,GCNGC,GC[ACGT]GC
Bce170I,CTGCAG,CTGCAG
Bce243I,GATC,GATC
Bce751I,GGATCC,GGATCC
Bce1247I,GCNNNNNNNGC,GC[ACGT][ACGT][ACGT][ACGT][ACGT][ACGT][ACGT]GC
Bce1273I,GCNGC,GC[ACGT]GC
Bce3081I,TAGGAG,TAGGAG
Bce14579I,GCWGC,GC[AT]GC
Bce31293I,CGCG,CGCG
BceAI,ACGGC,ACGGC
BceBI,CGCG,CGCG
BceCI,GCNNNNNNNGC,GC[ACGT][ACGT][ACGT][ACGT][ACGT][ACGT][ACGT]GC
BceDI,TGATCA,TGATCA
BceLI,GCNGC,GC[ACGT]GC
BceRI,CGCG,CGCG
BceSII,GGWCC,GG[AT]CC
BceSIII,ACGGC,ACGGC
BceSIV,GCAGC,GCAGC
BceYI,GCNGC,GC[ACGT]GC
BcefI,ACGGC,ACGGC
BcgI,CGANNNNNNTGC,CGA[ACGT][ACGT][ACGT][ACGT][ACGT][ACGT]TGC
BchI,GCAGC,GCAGC
Bci29I,ATCGAT,ATCGAT
Bci528I,GAATTC,GAATTC
BciBI,ATCGAT,ATCGAT
BciBII,CCWGG,CC[AT]GG
BciT130I,CCWGG,CC[AT]GG
BciVI,GTATCC,GTATCC
BclI,TGATCA,TGATCA
BcmI,ATCGAT,ATCGAT
BcnI,CCSGG,CC[CG]GG
BcoI,CYCGRG,C[CT]CG[AG]G
Bco5I,CTCTTC,CTCTTC
Bco6I,TGCGCA,TGCGCA
Bco27I,CCGG,CCGG
Bco33I,GGCC,GGCC
Bco35I,CTGGAG,CTGGAG
Bco63I,GATNNNNATC,GAT[ACGT][ACGT][ACGT][ACGT]ATC
Bco79I,ATCGAT,ATCGAT
Bco102I,TGATCA,TGATCA
Bco102II,GAAGAC,GAAGAC
Bco116I,CTCTTC,CTCTTC
Bco118I,RCCGGY,[AG]CCGG[CT]
Bco163I,CTRYAG,CT[AG][CT]AG
Bco631I,GATNNNNATC,GAT[ACGT][ACGT][ACGT][ACGT]ATC
Bco10278I,GGATCC,GGATCC
BcoAI,CACGTG,CACGTG
BcoDI,GTCTC,GTCTC
BcoKI,CTCTTC,CTCTTC
BcoSI,CTCTTC,CTCTTC
BcrI,GGNNCC,GG[ACGT][ACGT]CC
BcrAI,CTCTTC,CTCTTC
BctI,ACGGC,ACGGC
BcuI,ACTAGT,ACTAGT
BcuAI,GGWCC,GG[AT]CC
BdaI,TGANNNNNNTCA,TGA[ACGT][ACGT][ACGT][ACGT][ACGT][ACGT]TCA
BdiI,ATCGAT,ATCGAT
BdiSI,CTRYAG,CT[AG][CT]AG
BecAII,GGCC,GGCC
BepI,CGCG,CGCG
BetI,WCCGGW,[AT]CCGG[AT]
BfaI,CTAG,CTAG
BfaSII,GANGGAG,GA[ACGT]GGAG
BfiI,ACTGGG,ACTGGG
Bfi57I,GATC,GATC
Bfi89I,YGGCCR,[CT]GGCC[AG]
Bfi105I,GGNCC,GG[ACGT]CC
Bfi458I,GGCC,GGCC
BfiSHI,GATC,GATC
BflI,CCNNNNNNNGG,CC[ACGT][ACGT][ACGT][ACGT][ACGT][ACGT][ACGT]GG
BfmI,CTRYAG,CT[AG][CT]AG
BfoI,RGCGCY,[AG]GCGC[CT]
BfrI,CTTAAG,CTTAAG
BfrAI,ATCGAT,ATCGAT
BfrBI,ATGCAT,ATGCAT
BfrCI,ATGCAT,ATGCAT
BfuI,GTATCC,GTATCC
Bfu1570I,GWGCWC,G[AT]GC[AT]C
BfuAI,ACCTGC,ACCTGC
BfuAII,GCATGC,GCATGC
BfuCI,GATC,GATC
Bga514I,GTRAAG,GT[AG]AAG
BgiI,GACNNNGTC,GAC[ACGT][ACGT][ACGT]GTC
BglI,GCCNNNNNGGC,GCC[ACGT][ACGT][ACGT][ACGT][ACGT]GGC
BglII,AGATCT,AGATCT
Bgl2196IV,GGAGGC,GGAGGC
BhaI,GCATC,GCATC
BhaII,GGCC,GGCC
BheI,GCCGGC,GCCGGC
BimI,TTCGAA,TTCGAA
Bim19I,TTCGAA,TTCGAA
Bim19II,GGCC,GGCC
BinI,GGATC,GGATC
BinSI,CCWGG,CC[AT]GG
BinSII,GGCGCC,GGCGCC
BisI,GCNGC,GC[ACGT]GC
Bka1125I,GDGCHC,G[AGT]GC[ACT]C
BkrAM31DI,RTTAAATM,[AG]TTAAAT[AC]
Bla7920I,TCCGGA,TCCGGA
Ble401II,GRAGCAG,G[AG]AGCAG
Ble402II,GRAGCAG,G[AG]AGCAG
BlfI,TCCGGA,TCCGGA
BliI,GGCC,GGCC
Bli41I,ATCGAT,ATCGAT
Bli49I,GGTCTC,GGTCTC
Bli86I,ATCGAT,ATCGAT
Bli161I,GGTCTC,GGTCTC
Bli576I,ATCGAT,ATCGAT
Bli576II,GGTCTC,GGTCTC
Bli585I,ATCGAT,ATCGAT
Bli643I,CCTNAGG,CCT[ACGT]AGG
Bli736I,GGTCTC,GGTCTC
Bli1904II,GCNGC,GC[ACGT]GC
Bli5508I,GGTCTC,GGTCTC
BliAI,ATCGAT,ATCGAT
BliHKI,CCTNAGG,CCT[ACGT]AGG
BliRI,ATCGAT,ATCGAT
BlnI,CCTAGG,CCTAGG
BloAII,GAGGAC,GAGGAC
BloHI,RGATCY,[AG]GATC[CT]
BloHII,CTGCAG,CTGCAG
BloHIII,CTGCAG,CTGCAG
BloMGI,CCGCGG,CCGCGG
BlpI,GCTNAGC,GCT[ACGT]AGC
BlsI,GCNGC,GC[ACGT]GC
BluI,CTCGAG,CTCGAG
BluII,GGCC,GGCC
BmaI,CGATCG,CGATCG
BmaAI,CGATCG,CGATCG
BmaBI,CGATCG,CGATCG
BmaCI,CGATCG,CGATCG
BmaDI,CGATCG,CGATCG
BmaHI,GAATGC,GAATGC
BmcAI,AGTACT,AGTACT
Bme05I,GGYRCC,GG[CT][AG]CC
Bme12I,GATC,GATC
Bme18I,GGWCC,GG[AT]CC
Bme46I,GGCC,GGCC
Bme74I,GGCC,GGCC
Bme142I,RGCGCY,[AG]GCGC[CT]
Bme216I,GGWCC,GG[AT]CC
Bme361I,GGCC,GGCC
Bme585I,CCCGC,CCCGC
Bme1390I,CCNGG,CC[ACGT]GG
Bme1580I,GKGCMC,G[GT]GC[AC]C
Bme2095I,CCWGG,CC[AT]GG
Bme2494I,GATC,GATC
BmeBI,CTGCAG,CTGCAG
BmeDI,C,C
BmeRI,GACNNNNNGTC,GAC[ACGT][ACGT][ACGT][ACGT][ACGT]GTC
BmeTI,TGATCA,TGATCA
BmeT110I,CYCGRG,C[CT]CG[AG]G
BmeU1594I,GGCC,GGCC
BmgI,GKGCCC,G[GT]GCCC
BmgAI,GKGCMC,G[GT]GC[AC]C
BmgBI,CACGTC,CACGTC
BmgT120I,GGNCC,GG[ACGT]CC
BmiI,GGNNCC,GG[ACGT][ACGT]CC
BmpI,GGWCC,GG[AT]CC
BmrI,ACTGGG,ACTGGG
BmrFI,CCNGG,CC[ACGT]GG
BmsI,GCATC,GCATC
BmtI,GCTAGC,GCTAGC
BmuI,ACTGGG,ACTGGG
BmyI,GDGCHC,G[AGT]GC[ACT]C
BnaI,GGATCC,GGATCC
BniI,GCNNGC,GC[ACGT][ACGT]GC
BoxI,GACNNNNGTC,GAC[ACGT][ACGT][ACGT][ACGT]GTC
Bpa34I,AGTACT,AGTACT
Bpa36I,GGCC,GGCC
Bpa36II,CTNAG,CT[ACGT]AG
BpcI,CTRYAG,CT[AG][CT]AG
BpeI,AAGCTT,AAGCTT
BpiI,GAAGAC,GAAGAC
BplI,GAGNNNNNCTC,GAG[ACGT][ACGT][ACGT][ACGT][ACGT]CTC
BpmI,CTGGAG,CTGGAG
BpoAI,ATTAAT,ATTAAT
BpsI,GGNCC,GG[ACGT]CC
BpsII,ATCGAT,ATCGAT
BptI,CCWGG,CC[AT]GG
BpuI,GRGCYC,G[AG]GC[CT]C
Bpu10I,CCTNAGC,CCT[ACGT]AGC
Bpu14I,TTCGAA,TTCGAA
Bpu86I,GCCNNNNNGGC,GCC[ACGT][ACGT][ACGT][ACGT][ACGT]GGC
Bpu95I,CGCG,CGCG
Bpu1102I,GCTNAGC,GCT[ACGT]AGC
Bpu1268I,CCTNNNNNAGG,CCT[ACGT][ACGT][ACGT][ACGT][ACGT]AGG
Bpu1811I,GCNGC,GC[ACGT]GC
Bpu1831I,TACGTA,TACGTA
BpuAI,GAAGAC,GAAGAC
BpuAmI,GAGCTC,GAGCTC
BpuB5I,CGTACG,CGTACG
BpuCI,GGCGGA,GGCGGA
BpuDI,CCTNAGC,CCT[ACGT]AGC
BpuEI,CTTGAG,CTTGAG
BpuFI,GGATC,GGATC
BpuGI,RGATCY,[AG]GATC[CT]
BpuGCI,GCTNAGC,GCT[ACGT]AGC
BpuHI,TTCGAA,TTCGAA
BpuJI,CCCGT,CCCGT
BpuMI,CCSGG,CC[CG]GG
BpuNI,GGGAC,GGGAC
BpuSI,GGGAC,GGGAC
BpvUI,CGATCG,CGATCG
BsaI,GGTCTC,GGTCTC
Bsa29I,ATCGAT,ATCGAT
BsaAI,YACGTR,[CT]ACGT[AG]
BsaBI,GATNNNNATC,GAT[ACGT][ACGT][ACGT][ACGT]ATC
BsaCI,CCNGG,CC[ACGT]GG
BsaDI,GGATCC,GGATCC
BsaEI,GGNNCC,GG[ACGT][ACGT]CC
BsaFI,CTTAAG,CTTAAG
BsaGI,GWGCWC,G[AT]GC[AT]C
BsaHI,GRCGYC,G[AG]CG[CT]C
BsaJI,CCNNGG,CC[ACGT][ACGT]GG
BsaKI,GTTAAC,GTTAAC
BsaLI,AGCT,AGCT
BsaMI,GAATGC,GAATGC
BsaNI,CCWGG,CC[AT]GG
BsaNII,CTGCAG,CTGCAG
BsaOI,CGRYCG,CG[AG][CT]CG
BsaPI,GATC,GATC
BsaQI,CTGCAG,CTGCAG
BsaRI,GGCC,GGCC
BsaSI,GGNCC,GG[ACGT]CC
BsaTI,TGCGCA,TGCGCA
BsaUI,GCAGC,GCAGC
BsaVI,GAAGAC,GAAGAC
BsaWI,WCCGGW,[AT]CCGG[AT]
BsaXI,ACNNNNNCTCC,AC[ACGT][ACGT][ACGT][ACGT][ACGT]CTCC
BsaZI,CCGG,CCGG
BsbI,CAACAC,CAACAC
BscI,ATCGAT,ATCGAT
Bsc4I,CCNNNNNNNGG,CC[ACGT][ACGT][ACGT][ACGT][ACGT][ACGT][ACGT]GG
Bsc91I,GAAGAC,GAAGAC
Bsc107I,CCNNNNNNNGG,CC[ACGT][ACGT][ACGT][ACGT][ACGT][ACGT][ACGT]GG
Bsc217I,GATATC,GATATC
BscAI,GCATC,GCATC
BscBI,GGNNCC,GG[ACGT][ACGT]CC
BscCI,GAATGC,GAATGC
BscDI,CTGCAG,CTGCAG
BscEI,GCGCGC,GCGCGC
BscFI,GATC,GATC
BscGI,CCCGT,CCCGT
BscHI,ACTGG,ACTGG
BscJI,CCANNNNNNTGG,CCA[ACGT][ACGT][ACGT][ACGT][ACGT][ACGT]TGG
BscKI,GAAGAC,GAAGAC
BscLI,CTTAAG,CTTAAG
BscMI,GRGCYC,G[AG]GC[CT]C
BscNI,CGRYCG,CG[AG][CT]CG
BscOI,GCATGC,GCATGC
BscPI,CTNAG,CT[ACGT]AG
BscQI,GGCC,GGCC
BscQII,GTCTC,GTCTC
BscRI,RCCGGY,[AG]CCGG[CT]
BscSI,RGATCY,[AG]GATC[CT]
BscTI,CCGCGG,CCGCGG
BscUI,GCATC,GCATC
BscWI,GGGAC,GGGAC
BseI,GGCC,GGCC
BseII,GTTAAC,GTTAAC
Bse1I,ACTGG,ACTGG
Bse8I,GATNNNNATC,GAT[ACGT][ACGT][ACGT][ACGT]ATC
Bse9I,GGCC,GGCC
Bse15I,CYCGRG,C[CT]CG[AG]G
Bse16I,CCWGG,CC[AT]GG
Bse17I,CCWGG,CC[AT]GG
Bse19I,CCATGG,CCATGG
Bse21I,CCTNAGG,CCT[ACGT]AGG
Bse23I,CCNNNNNNNGG,CC[ACGT][ACGT][ACGT][ACGT][ACGT][ACGT][ACGT]GG
Bse24I,CCWGG,CC[AT]GG
Bse54I,GGNCC,GG[ACGT]CC
Bse59I,GGTNACC,GGT[ACGT]ACC
Bse64I,GGTNACC,GGT[ACGT]ACC
Bse118I,RCCGGY,[AG]CCGG[CT]
Bse126I,GGCC,GGCC
Bse631I,GATNNNNATC,GAT[ACGT][ACGT][ACGT][ACGT]ATC
Bse634I,RCCGGY,[AG]CCGG[CT]
BseAI,TCCGGA,TCCGGA
BseBI,CCWGG,CC[AT]GG
BseB631I,GCCNNNNNGGC,GCC[ACGT][ACGT][ACGT][ACGT][ACGT]GGC
BseB631II,AGATCT,AGATCT
BseCI,ATCGAT,ATCGAT
BseDI,CCNNGG,CC[ACGT][ACGT]GG
Bse3DI,GCAATG,GCAATG
BseGI,GGATG,GGATG
BseG73I,CCTNAGG,CCT[ACGT]AGG
BseHI,AAGCTT,AAGCTT
BseJI,GATNNNNATC,GAT[ACGT][ACGT][ACGT][ACGT]ATC
BseKI,GCAGC,GCAGC
BseLI,CCNNNNNNNGG,CC[ACGT][ACGT][ACGT][ACGT][ACGT][ACGT][ACGT]GG
BseMI,GCAATG,GCAATG
BseMII,CTCAG,CTCAG
BseNI,ACTGG,ACTGG
BsePI,GCGCGC,GCGCGC
BseQI,GGCC,GGCC
BseRI,GAGGAG,GAGGAG
BseSI,GKGCMC,G[GT]GC[AC]C
BseT9I,GGTNACC,GGT[ACGT]ACC
BseT10I,GGTNACC,GGT[ACGT]ACC
BseXI,GCAGC,GCAGC
BseX3I,CGGCCG,CGGCCG
BseYI,CCCAGC,CCCAGC
BseZI,CTCTTC,CTCTTC
BsgI,GTGCAG,GTGCAG
BshI,GGCC,GGCC
Bsh45I,GWGCWC,G[AT]GC[AT]C
Bsh1236I,CGCG,CGCG
Bsh1285I,CGRYCG,CG[AG][CT]CG
Bsh1365I,GATNNNNATC,GAT[ACGT][ACGT][ACGT][ACGT]ATC
BshAI,GGCC,GGCC
Bsh108AI,ATCGAT,ATCGAT
BshBI,GGCC,GGCC
BshCI,GGCC,GGCC
BshDI,GGCC,GGCC
BshEI,GGCC,GGCC
BshFI,GGCC,GGCC
BshGI,CCWGG,CC[AT]GG
BshHI,AGTACT,AGTACT
BshKI,GGNCC,GG[ACGT]CC
BshLI,GATATC,GATATC
BshMI,CCGG,CCGG
BshNI,GGYRCC,GG[CT][AG]CC
BshTI,ACCGGT,ACCGGT
BshVI,ATCGAT,ATCGAT
BsiI,CACGAG,CACGAG
BsiAI,GGCC,GGCC
BsiBI,GATNNNNATC,GAT[ACGT][ACGT][ACGT][ACGT]ATC
BsiCI,TTCGAA,TTCGAA
BsiDI,GGCC,GGCC
BsiEI,CGRYCG,CG[AG][CT]CG
BsiGI,TCCGGA,TCCGGA
BsiHI,GGCC,GGCC
BsiHKAI,GWGCWC,G[AT]GC[AT]C
BsiHKCI,CYCGRG,C[CT]CG[AG]G
BsiKI,GGTNACC,GGT[ACGT]ACC
BsiLI,CCWGG,CC[AT]GG
BsiMI,TCCGGA,TCCGGA
BsiOI,TCCGGA,TCCGGA
BsiQI,TGATCA,TGATCA
BsiSI,CCGG,CCGG
BsiUI,CCWGG,CC[AT]GG
BsiVI,CCWGG,CC[AT]GG
BsiWI,CGTACG,CGTACG
BsiXI,ATCGAT,ATCGAT
BsiYI,CCNNNNNNNGG,CC[ACGT][ACGT][ACGT][ACGT][ACGT][ACGT][ACGT]GG
BsiZI,GGNCC,GG[ACGT]CC
BslI,CCNNNNNNNGG,CC[ACGT][ACGT][ACGT][ACGT][ACGT][ACGT][ACGT]GG
BslFI,GGGAC,GGGAC
BsmI,GAATGC,GAATGC
Bsm6I,GWGCWC,G[AT]GC[AT]C
BsmAI,GTCTC,GTCTC
BsmBI,CGTCTC,CGTCTC
BsmCI,ACNNNNNCTCC,AC[ACGT][ACGT][ACGT][ACGT][ACGT]CTCC
BsmDI,ACNNNNNCTCC,AC[ACGT][ACGT][ACGT][ACGT][ACGT]CTCC
BsmEI,GAGTC,GAGTC
BsmFI,GGGAC,GGGAC
BsmGI,TGTACA,TGTACA
BsmGII,AAGCTT,AAGCTT
BsmHI,RGCGCY,[AG]GCGC[CT]
BsmNI,GCATC,GCATC
BsmPI,GWGCWC,G[AT]GC[AT]C
BsmRI,TGTACA,TGTACA
BsmSI,CCWWGG,CC[AT][AT]GG
BsmWI,CGTACG,CGTACG
BsmXI,ACNNNNNCTCC,AC[ACGT][ACGT][ACGT][ACGT][ACGT]CTCC
BsmXII,GATC,GATC
BsmYI,CCNNNNNNNGG,CC[ACGT][ACGT][ACGT][ACGT][ACGT][ACGT][ACGT]GG
BsnI,GGCC,GGCC
BsoI,CCNGG,CC[ACGT]GG
Bso31I,GGTCTC,GGTCTC
BsoAI,GATATC,GATATC
BsoBI,CYCGRG,C[CT]CG[AG]G
BsoCI,GDGCHC,G[AGT]GC[ACT]C
BsoDI,CGGCCG,CGGCCG
BsoEI,CCTNNNNNAGG,CCT[ACGT][ACGT][ACGT][ACGT][ACGT]AGG
BsoFI,GCNGC,GC[ACGT]GC
BsoGI,CCWGG,CC[AT]GG
BsoHI,ACTGG,ACTGG
BsoJI,GCCNNNNNGGC,GCC[ACGT][ACGT][ACGT][ACGT][ACGT]GGC
BsoKI,CCNNGG,CC[ACGT][ACGT]GG
BsoMAI,GTCTC,GTCTC
BsoPI,GCGCGC,GCGCGC
BsoSI,AGTACT,AGTACT
BspI,GATC,GATC
Bsp2I,ATCGAT,ATCGAT
Bsp4I,ATCGAT,ATCGAT
Bsp5I,CCGG,CCGG
Bsp6I,GCNGC,GC[ACGT]GC
Bsp6II,CTGAAG,CTGAAG
Bsp7I,CCSGG,CC[CG]GG
Bsp8I,CCSGG,CC[CG]GG
Bsp9I,GATC,GATC
Bsp12I,CCGCGG,CCGCGG
Bsp13I,TCCGGA,TCCGGA
Bsp16I,GATATC,GATATC
Bsp17I,CTGCAG,CTGCAG
Bsp18I,GATC,GATC
Bsp19I,CCATGG,CCATGG
Bsp21I,RCCGGY,[AG]CCGG[CT]
Bsp22I,CTGGAG,CTGGAG
Bsp23I,GGCC,GGCC
Bsp24I,GACNNNNNNTGG,GAC[ACGT][ACGT][ACGT][ACGT][ACGT][ACGT]TGG
Bsp28I,CTGGAG,CTGGAG
Bsp29I,GGNNCC,GG[ACGT][ACGT]CC
Bsp30I,GGATCC,GGATCC
Bsp43I,CTGCAG,CTGCAG
Bsp44I,CCWGG,CC[AT]GG
Bsp44II,GGCC,GGCC
Bsp46I,GGATCC,GGATCC
Bsp47I,CCGG,CCGG
Bsp48I,CCGG,CCGG
Bsp49I,GATC,GATC
Bsp50I,CGCG,CGCG
Bsp51I,GATC,GATC
Bsp52I,GATC,GATC
Bsp53I,CCNGG,CC[ACGT]GG
Bsp54I,GATC,GATC
Bsp55I,CCSGG,CC[CG]GG
Bsp56I,CCWGG,CC[AT]GG
Bsp57I,GATC,GATC
Bsp58I,GATC,GATC
Bsp59I,GATC,GATC
Bsp60I,GATC,GATC
Bsp61I,GATC,GATC
Bsp63I,CTGCAG,CTGCAG
Bsp64I,GATC,GATC
Bsp65I,GATC,GATC
Bsp66I,GATC,GATC
Bsp67I,GATC,GATC
Bsp68I,TCGCGA,TCGCGA
Bsp70I,CGCG,CGCG
Bsp71I,GGWCC,GG[AT]CC
Bsp72I,GATC,GATC
Bsp73I,CCNGG,CC[ACGT]GG
Bsp74I,GATC,GATC
Bsp76I,GATC,GATC
Bsp78I,CTGCAG,CTGCAG
Bsp81I,CTGCAG,CTGCAG
Bsp82I,TTCGAA,TTCGAA
Bsp84I,ATCGAT,ATCGAT
Bsp87I,CACGTG,CACGTG
Bsp90I,TTCGAA,TTCGAA
Bsp90II,GGATCC,GGATCC
Bsp91I,GATC,GATC
Bsp92I,CTCGAG,CTCGAG
Bsp93I,CTGCAG,CTGCAG
Bsp98I,GGATCC,GGATCC
Bsp100I,GGWCC,GG[AT]CC
Bsp101I,TTCGAA,TTCGAA
Bsp102I,TTCGAA,TTCGAA
Bsp103I,CCWGG,CC[AT]GG
Bsp104I,TTCGAA,TTCGAA
Bsp105I,GATC,GATC
Bsp106I,ATCGAT,ATCGAT
Bsp107I,CTGCAG,CTGCAG
Bsp108I,CTGCAG,CTGCAG
Bsp116I,CCGG,CCGG
Bsp117I,GRGCYC,G[AG]GC[CT]C
Bsp119I,TTCGAA,TTCGAA
Bsp120I,GGGCCC,GGGCCC
Bsp121I,GCATGC,GCATGC
Bsp122I,GATC,GATC
Bsp123I,CGCG,CGCG
Bsp125I,ATCGAT,ATCGAT
Bsp126I,ATCGAT,ATCGAT
Bsp127I,ATCGAT,ATCGAT
Bsp128I,GGWCC,GG[AT]CC
Bsp129I,CTCGAG,CTCGAG
Bsp130I,GGATCC,GGATCC
Bsp131I,GGATCC,GGATCC
Bsp132I,GGWCC,GG[AT]CC
Bsp133I,GGWCC,GG[AT]CC
Bsp135I,GATC,GATC
Bsp136I,GATC,GATC
Bsp137I,GGCC,GGCC
Bsp138I,GATC,GATC
Bsp139I,CTCGAG,CTCGAG
Bsp140I,CTCGAG,CTCGAG
Bsp141I,CTCGAG,CTCGAG
Bsp142I,CTCGAG,CTCGAG
Bsp143I,GATC,GATC
Bsp143II,RGCGCY,[AG]GCGC[CT]
Bsp144I,GGATCC,GGATCC
Bsp145I,ATCGAT,ATCGAT
Bsp146I,GTGCAC,GTGCAC
Bsp147I,GATC,GATC
Bsp148I,TTCGAA,TTCGAA
Bsp151I,TTCGAA,TTCGAA
Bsp211I,GGCC,GGCC
Bsp226I,GGCC,GGCC
Bsp228I,TCCGGA,TCCGGA
Bsp233I,TCCGGA,TCCGGA
Bsp241I,TTCGAA,TTCGAA
Bsp268I,CTGCAG,CTGCAG
Bsp317I,CCWGG,CC[AT]GG
Bsp423I,GCAGC,GCAGC
Bsp460III,CGCGCAG,CGCGCAG
Bsp508I,TCCGGA,TCCGGA
Bsp519I,GRGCYC,G[AG]GC[CT]C
Bsp548I,CCNGG,CC[ACGT]GG
Bsp881I,GGCC,GGCC
Bsp1260I,GGWCC,GG[AT]CC
Bsp1261I,GGCC,GGCC
Bsp1286I,GDGCHC,G[AGT]GC[ACT]C
Bsp1407I,TGTACA,TGTACA
Bsp1591I,GGTNACC,GGT[ACGT]ACC
Bsp1591II,CCGG,CCGG
Bsp1593I,GGCC,GGCC
Bsp1720I,GCTNAGC,GCT[ACGT]AGC
Bsp1894I,GGNCC,GG[ACGT]CC
Bsp2013I,GGCC,GGCC
Bsp2095I,GATC,GATC
Bsp2362I,GGCC,GGCC
Bsp2500I,GGCC,GGCC
Bsp3004IV,CCGCAT,CCGCAT
Bsp4009I,GGATCC,GGATCC
BspAI,GATC,GATC
BspA2I,CCTAGG,CCTAGG
Bsp153AI,CAGCTG,CAGCTG
BspAAI,CTCGAG,CTCGAG
BspAAII,TCTAGA,TCTAGA
BspAAIII,GGATCC,GGATCC
BspACI,CCGC,CCGC
BspANI,GGCC,GGCC
BspBI,CTGCAG,CTGCAG
BspBII,GGNCC,GG[ACGT]CC
BspBDG2I,GGCC,GGCC
BspBRI,GGCC,GGCC
BspBS31I,GAAGAC,GAAGAC
BspBSE18I,GGCC,GGCC
BspBake1I,GGCC,GGCC
BspCI,CGATCG,CGATCG
BspCHE15I,GGCC,GGCC
BspCNI,CTCAG,CTCAG
BspDI,ATCGAT,ATCGAT
BspD6I,GAGTC,GAGTC
BspD6II,CTGAAG,CTGAAG
BspEI,TCCGGA,TCCGGA
BspFI,GATC,GATC
BspF4I,GGNCC,GG[ACGT]CC
BspF53I,GGWCC,GG[AT]CC
BspF105I,CCSGG,CC[CG]GG
BspFNI,CGCG,CGCG
BspGI,CTGGAC,CTGGAC
BspGHA1I,GGCC,GGCC
BspHI,TCATGA,TCATGA
BspH22I,TTCGAA,TTCGAA
BspH43I,CCWGG,CC[AT]GG
BspH103I,TTCGAA,TTCGAA
BspH106I,TTCGAA,TTCGAA
BspH106II,GGCC,GGCC
BspH226I,TCCGGA,TCCGGA
BspIS4I,GAAGAC,GAAGAC
BspJI,GATC,GATC
BspJII,ATCGAT,ATCGAT
BspJ64I,GATC,GATC
BspJ67I,CCSGG,CC[CG]GG
BspJ74I,CTGGAG,CTGGAG
BspJ76I,CGCG,CGCG
BspJ105I,GGWCC,GG[AT]CC
BspJ106I,GGTACC,GGTACC
BspKI,GGCC,GGCC
BspKMI,GATC,GATC
BspKT5I,CTGAAG,CTGAAG
BspKT6I,GATC,GATC
BspKT8I,AAGCTT,AAGCTT
BspLI,GGNNCC,GG[ACGT][ACGT]CC
BspLAI,GCGC,GCGC
BspLAII,TTCGAA,TTCGAA
BspLAIII,AAGCTT,AAGCTT
BspLRI,GGCC,GGCC
BspLS2I,GDGCHC,G[AGT]GC[ACT]C
BspLU4I,CYCGRG,C[CT]CG[AG]G
BspLU11I,ACATGT,ACATGT
BspLU11II,TCTAGA,TCTAGA
BspLU11III,GGGAC,GGGAC
BspMI,ACCTGC,ACCTGC
BspMII,TCCGGA,TCCGGA
BspM39I,CAGCTG,CAGCTG
BspM90I,GTATAC,GTATAC
BspMAI,CTGCAG,CTGCAG
BspMKI,GTCGAC,GTCGAC
BspNI,CCWGG,CC[AT]GG
BspNCI,CCAGA,CCAGA
BspOI,GCTAGC,GCTAGC
BspO4I,CAGCTG,CAGCTG
BspOVI,GACNNNNNGTC,GAC[ACGT][ACGT][ACGT][ACGT][ACGT]GTC
BspOVII,ATCGAT,ATCGAT
BspPI,GGATC,GGATC
BspQI,GCTCTTC,GCTCTTC
BspRI,GGCC,GGCC
BspR7I,CCTNAGG,CCT[ACGT]AGG
BspSI,CCWGG,CC[AT]GG
BspS122I,CTGCAG,CTGCAG
BspST5I,GCATC,GCATC
BspTI,CTTAAG,CTTAAG
BspT104I,TTCGAA,TTCGAA
BspT107I,GGYRCC,GG[CT][AG]CC
BspTNI,GGTCTC,GGTCTC
BspTS514I,GAAGAC,GAAGAC
BspUI,GCSGC,GC[CG]GC
BspVI,GAAGAC,GAAGAC
BspWI,GCNNNNNNNGC,GC[ACGT][ACGT][ACGT][ACGT][ACGT][ACGT][ACGT]GC
BspXI,ATCGAT,ATCGAT
BspXII,TGATCA,TGATCA
BspZEI,ATCGAT,ATCGAT
BsrI,ACTGG,ACTGG
BsrAI,GGWCC,GG[AT]CC
BsrBI,CCGCTC,CCGCTC
BsrBRI,GATNNNNATC,GAT[ACGT][ACGT][ACGT][ACGT]ATC
BsrCI,ATCGAT,ATCGAT
BsrDI,GCAATG,GCAATG
BsrEI,CTCTTC,CTCTTC
BsrFI,RCCGGY,[AG]CCGG[CT]
BsrGI,TGTACA,TGTACA
BsrHI,GCGCGC,GCGCGC
BsrMI,GATC,GATC
BsrPII,GATC,GATC
BsrSI,ACTGG,ACTGG
BsrVI,GCAGC,GCAGC
BsrWI,GGATC,GGATC
BsrXI,TCTAGA,TCTAGA
BssI,GGNNCC,GG[ACGT][ACGT]CC
BssAI,RCCGGY,[AG]CCGG[CT]
BssBI,GCGCGC,GCGCGC
BssCI,GGCC,GGCC
BssECI,CCNNGG,CC[ACGT][ACGT]GG
BssFI,GCNGC,GC[ACGT]GC
BssGI,CCANNNNNNTGG,CCA[ACGT][ACGT][ACGT][ACGT][ACGT][ACGT]TGG
BssGII,GATC,GATC
BssHI,CTCGAG,CTCGAG
BssHII,GCGCGC,GCGCGC
BssIMI,GGGTC,GGGTC
BssKI,CCNGG,CC[ACGT]GG
BssMI,GATC,GATC
BssNI,GRCGYC,G[AG]CG[CT]C
BssNAI,GTATAC,GTATAC
BssSI,CACGAG,CACGAG
BssT1I,CCWWGG,CC[AT][AT]GG
BssXI,GCNGC,GC[ACGT]GC
BstI,GGATCC,GGATCC
Bst1I,CCWGG,CC[AT]GG
Bst2I,CCWGG,CC[AT]GG
Bst6I,CTCTTC,CTCTTC
Bst11I,ACTGG,ACTGG
Bst12I,GCAGC,GCAGC
Bst16I,RGCGCY,[AG]GCGC[CT]
Bst19I,GCATC,GCATC
Bst19II,GATC,GATC
Bst22I,CCNNNNNNNGG,CC[ACGT][ACGT][ACGT][ACGT][ACGT][ACGT][ACGT]GG
Bst28I,ATCGAT,ATCGAT
Bst29I,CCTNAGG,CCT[ACGT]AGG
Bst30I,CCTNAGG,CCT[ACGT]AGG
Bst31I,GGTNACC,GGT[ACGT]ACC
Bst38I,CCWGG,CC[AT]GG
Bst40I,CCGG,CCGG
Bst71I,GCAGC,GCAGC
Bst77I,TGATCA,TGATCA
Bst98I,CTTAAG,CTTAAG
Bst100I,CCWGG,CC[AT]GG
Bst158I,CTCTTC,CTCTTC
Bst170I,TGTACA,TGTACA
Bst170II,AAGCTT,AAGCTT
Bst224I,CCWWGG,CC[AT][AT]GG
Bst295I,CTNAG,CT[ACGT]AG
Bst1107I,GTATAC,GTATAC
Bst1126I,GGATCC,GGATCC
Bst1274I,GATC,GATC
Bst1473I,WCCGGW,[AT]CCGG[AT]
Bst1473II,RGCGCY,[AG]GCGC[CT]
Bst2464I,GGATCC,GGATCC
Bst2902I,GGATCC,GGATCC
BstACI,GRCGYC,G[AG]CG[CT]C
BstAFI,CTTAAG,CTTAAG
BstAPI,GCANNNNNTGC,GCA[ACGT][ACGT][ACGT][ACGT][ACGT]TGC
BstAUI,TGTACA,TGTACA
BstBI,TTCGAA,TTCGAA
Bst2BI,CACGAG,CACGAG
BstBAI,YACGTR,[CT]ACGT[AG]
BstBAII,CYCGRG,C[CT]CG[AG]G
BstBSI,GTATAC,GTATAC
BstB7SI,RCCGGY,[AG]CCGG[CT]
BstBS32I,GAAGAC,GAAGAC
BstBZ153I,GCGCGC,GCGCGC
BstCI,GGCC,GGCC
Bst4CI,ACNGT,AC[ACGT]GT
BstC8I,GCNNGC,GC[ACGT][ACGT]GC
BstDI,GGTNACC,GGT[ACGT]ACC
BstD102I,CCGCTC,CCGCTC
BstDEI,CTNAG,CT[ACGT]AG
BstDSI,CCRYGG,CC[AG][CT]GG
BstDZ247I,CCCGT,CCCGT
BstEII,GGTNACC,GGT[ACGT]ACC
BstEIII,GATC,GATC
BstENI,CCTNNNNNAGG,CCT[ACGT][ACGT][ACGT][ACGT][ACGT]AGG
BstENII,GATC,GATC
BstEZ359I,GTTAAC,GTTAAC
BstFI,AAGCTT,AAGCTT
BstF5I,GGATG,GGATG
Bst1FBI,GDGCHC,G[AGT]GC[ACT]C
BstFNI,CGCG,CGCG
BstFZ438I,CCCGC,CCCGC
BstGI,TGATCA,TGATCA
BstGII,CCWGG,CC[AT]GG
BstGZ53I,CGTCTC,CGTCTC
BstHI,CTCGAG,CTCGAG
BstH2I,RGCGCY,[AG]GCGC[CT]
BstH9I,GGATC,GGATC
BstHHI,GCGC,GCGC
BstHPI,GTTAAC,GTTAAC
BstHZ55I,CCANNNNNNTGG,CCA[ACGT][ACGT][ACGT][ACGT][ACGT][ACGT]TGG
BstIZ316I,CACNNNGTG,CAC[ACGT][ACGT][ACGT]GTG
BstJI,GGCC,GGCC
BstJZ301I,CTNAG,CT[ACGT]AG
BstKI,TGATCA,TGATCA
BstKTI,GATC,GATC
BstLI,CTCGAG,CTCGAG
BstLVI,ATCGAT,ATCGAT
BstMI,AGTACT,AGTACT
BstM6I,CCWGG,CC[AT]GG
BstMAI,GTCTC,GTCTC
BstMBI,GATC,GATC
BstMCI,CGRYCG,CG[AG][CT]CG
BstMWI,GCNNNNNNNGC,GC[ACGT][ACGT][ACGT][ACGT][ACGT][ACGT][ACGT]GC
BstMZ611I,CCNGG,CC[ACGT]GG
BstNI,CCWGG,CC[AT]GG
Bst31NI,CCGCTC,CCGCTC
BstNSI,RCATGY,[AG]CATG[CT]
BstNSII,CYCGRG,C[CT]CG[AG]G
BstNZ169I,ATCGAT,ATCGAT
BstOI,CCWGG,CC[AT]GG
BstOZ616I,GGGAC,GGGAC
BstPI,GGTNACC,GGT[ACGT]ACC
BstPAI,GACNNNNGTC,GAC[ACGT][ACGT][ACGT][ACGT]GTC
BstPZ740I,CTTAAG,CTTAAG
BstQI,GGATCC,GGATCC
Bst4QI,GGWCC,GG[AT]CC
Bst7QI,CYCGRG,C[CT]CG[AG]G
Bst7QII,CCWGG,CC[AT]GG
BstRI,GATATC,GATATC
BstRZ246I,ATTTAAAT,ATTTAAAT
BstSI,CYCGRG,C[CT]CG[AG]G
BstSCI,CCNGG,CC[ACGT]GG
BstSFI,CTRYAG,CT[AG][CT]AG
BstSLI,GKGCMC,G[GT]GC[AC]C
BstSNI,TACGTA,TACGTA
BstSWI,ATTTAAAT,ATTTAAAT
BstTI,CCANNNNNNTGG,CCA[ACGT][ACGT][ACGT][ACGT][ACGT][ACGT]TGG
BstT7I,TGATCA,TGATCA
BstT9I,GGTNACC,GGT[ACGT]ACC
BstT10I,GGTNACC,GGT[ACGT]ACC
Bst31TI,GGATC,GGATC
BstTS5I,GAAGAC,GAAGAC
BstUI,CGCG,CGCG
Bst2UI,CCWGG,CC[AT]GG
BstVI,CTCGAG,CTCGAG
BstV1I,GCAGC,GCAGC
BstV2I,GAAGAC,GAAGAC
BstWI,CCTNNNNNAGG,CCT[ACGT][ACGT][ACGT][ACGT][ACGT]AGG
BstXI,CCANNNNNNTGG,CCA[ACGT][ACGT][ACGT][ACGT][ACGT][ACGT]TGG
BstXII,GATC,GATC
BstX2I,RGATCY,[AG]GATC[CT]
BstYI,RGATCY,[AG]GATC[CT]
BstZI,CGGCCG,CGGCCG
BstZ1I,TCCGGA,TCCGGA
BstZ1II,AAGCTT,AAGCTT
BstZ2I,GACNNNNNGTC,GAC[ACGT][ACGT][ACGT][ACGT][ACGT]GTC
BstZ3I,TCCGGA,TCCGGA
BstZ4I,CYCGRG,C[CT]CG[AG]G
BstZ5I,CGRYCG,CG[AG][CT]CG
BstZ6I,CCTNAGG,CCT[ACGT]AGG
BstZ7I,GRGCYC,G[AG]GC[CT]C
BstZ8I,CGATCG,CGATCG
BstZ9I,ACGCGT,ACGCGT
BstZ10I,CCNNGG,CC[ACGT][ACGT]GG
BstZ10II,TGATCA,TGATCA
BstZ15I,GDGCHC,G[AGT]GC[ACT]C
BstZ16I,GTCGAC,GTCGAC
BstZ17I,GTATAC,GTATAC
BsuI,GTATCC,GTATCC
Bsu6I,CTCTTC,CTCTTC
Bsu15I,ATCGAT,ATCGAT
Bsu22I,TCCGGA,TCCGGA
Bsu23I,TCCGGA,TCCGGA
Bsu36I,CCTNAGG,CCT[ACGT]AGG
Bsu54I,GGNCC,GG[ACGT]CC
Bsu90I,GGATCC,GGATCC
Bsu537I,GGTCTC,GGTCTC
Bsu1076I,GGCC,GGCC
Bsu1114I,GGCC,GGCC
Bsu1192I,CCGG,CCGG
Bsu1192II,CGCG,CGCG
Bsu1193I,CGCG,CGCG
Bsu1532I,CGCG,CGCG
Bsu1854I,GRGCYC,G[AG]GC[CT]C
Bsu3610I,GACGAG,GACGAG
Bsu5044I,GGNCC,GG[ACGT]CC
Bsu6633I,CGCG,CGCG
Bsu7003I,GACGAG,GACGAG
Bsu8565I,GGATCC,GGATCC
Bsu8646I,GGATCC,GGATCC
BsuBI,CTGCAG,CTGCAG
BsuB519I,GGATCC,GGATCC
BsuB763I,GGATCC,GGATCC
BsuEII,CGCG,CGCG
BsuFI,CCGG,CCGG
BsuJPCI,GACGAG,GACGAG
BsuMI,CTCGAG,CTCGAG
R1.BsuMI,CTCGAG,CTCGAG
R2.BsuMI,CTCGAG,CTCGAG
R3.BsuMI,CTCGAG,CTCGAG
BsuRI,GGCC,GGCC
BsuTUI,ATCGAT,ATCGAT
BsxI,ACTGGG,ACTGGG
BtcI,GATC,GATC
BteI,GGCC,GGCC
BtgI,CCRYGG,CC[AG][CT]GG
BtgAI,GTCGAC,GTCGAC
BtgAII,GCATGC,GCATGC
BtgZI,GCGATG,GCGATG
BthI,CTCGAG,CTCGAG
BthII,GGATC,GGATC
Bth84I,GATC,GATC
Bth171I,GCNGC,GC[ACGT]GC
Bth211I,GATC,GATC
Bth213I,GATC,GATC
Bth221I,GATC,GATC
Bth571I,GCAGT,GCAGT
Bth617I,GGATC,GGATC
Bth945I,GATC,GATC
Bth1140I,GATC,GATC
Bth1141I,GATC,GATC
Bth1202I,ATCGAT,ATCGAT
Bth1786I,GATC,GATC
Bth1795I,CTGGAG,CTGGAG
Bth1997I,GATC,GATC
Bth2350I,CAGCTG,CAGCTG
Bth9411I,CTGCAG,CTGCAG
Bth9415I,ATCGAT,ATCGAT
BthAI,GGWCC,GG[AT]CC
BthCI,GCNGC,GC[ACGT]GC
BthCanI,GATC,GATC
BthDI,CCWGG,CC[AT]GG
BthEI,CCWGG,CC[AT]GG
BthP35I,CTRYAG,CT[AG][CT]AG
BtiI,GGWCC,GG[AT]CC
BtkI,CGCG,CGCG
BtkII,GATC,GATC
BtrI,CACGTC,CACGTC
BtsI,GCAGTG,GCAGTG
BtsIMutI,CAGTG,CAGTG
BtsCI,GGATG,GGATG
BtsPI,GGGTC,GGGTC
BtuI,ATCGAT,ATCGAT
Btu33I,GATC,GATC
Btu34I,GATC,GATC
Btu34II,RGCGCY,[AG]GCGC[CT]
Btu36I,GATC,GATC
Btu37I,GATC,GATC
Btu39I,GATC,GATC
Btu41I,GATC,GATC
BtuMI,TCGCGA,TCGCGA
BveI,ACCTGC,ACCTGC
Bve1B23I,GACNNNNNTGG,GAC[ACGT][ACGT][ACGT][ACGT][ACGT]TGG
BvuI,GRGCYC,G[AG]GC[CT]C
BvuBI,CGTACG,CGTACG
CacI,GATC,GATC
Cac8I,GCNNGC,GC[ACGT][ACGT]GC
Cac824I,GCNGC,GC[ACGT]GC
CagI,GCCNNNNNGGC,GCC[ACGT][ACGT][ACGT][ACGT][ACGT]GGC
CaiI,CAGNNNCTG,CAG[ACGT][ACGT][ACGT]CTG
Cal5972I,ACGRAG,ACG[AG]AG
Cal14237I,GGTTAG,GGTTAG
CalB3II,GRTTRAG,G[AG]TT[AG]AG
Cas2I,CGATCG,CGATCG
CatHI,CTCTTC,CTCTTC
CauI,GGWCC,GG[AT]CC
CauII,CCSGG,CC[CG]GG
CauIII,CTGCAG,CTGCAG
Cau10061II,GTTAAT,GTTAAT
CauB3I,TCCGGA,TCCGGA
Cba13II,AGGAAT,AGGAAT
Cba16038I,CCTNAYNC,CCT[ACGT]A[CT][ACGT]C
Cba4G11III,CACGAG,CACGAG
CbeI,GGCC,GGCC
CbiI,TTCGAA,TTCGAA
CboI,CCGG,CCGG
Cbo1632I,GCRGAAG,GC[AG]GAAG
Cbo67071IV,GCRGAAG,GC[AG]GAAG
CboB305II,CTGGAG,CTGGAG
CbrI,CCWGG,CC[AT]GG
CbuDI,GCNGC,GC[ACGT]GC
CceI,CCGG,CCGG
Cce743I,GACGC,GACGC
Cce743II,CCWGG,CC[AT]GG
CchI,CTAG,CTAG
CchII,GGARGA,GGA[AG]GA
CchIII,CCCAAG,CCCAAG
Cch467III,GNGAAAY,G[ACGT]GAAA[CT]
Cch7528III,GNGAAAY,G[ACGT]GAAA[CT]
CciI,TCATGA,TCATGA
CciNI,GCGGCCGC,GCGGCCGC
CcoI,GCCGGC,GCCGGC
Cco14983III,GAGNNNNNRTG,GAG[ACGT][ACGT][ACGT][ACGT][ACGT][AG]TG
Cco14983V,GGGTDA,GGGT[AGT]A
Cco14983VI,GCYGA,GC[CT]GA
Cco54106III,GAGNNNNNRTG,GAG[ACGT][ACGT][ACGT][ACGT][ACGT][AG]TG
CcoMI,CAGCAG,CAGCAG
CcoP13III,CAYNNNNNRTG,CA[CT][ACGT][ACGT][ACGT][ACGT][ACGT][AG]TG
CcoP31I,GATC,GATC
CcoP73I,GTAC,GTAC
CcoP76I,GATC,GATC
CcoP84I,GATC,GATC
CcoP95I,GCGC,GCGC
CcoP95II,GATC,GATC
CcoP215I,GCNGC,GC[ACGT]GC
CcoP216I,GCNGC,GC[ACGT]GC
CcoP219I,GATC,GATC
CcrI,CTCGAG,CTCGAG
CcrNAIII,CGACCAG,CGACCAG
CcuI,GGNCC,GG[ACGT]CC
CcyI,GATC,GATC
CdiI,CATCG,CATCG
Cdi27I,CCWGG,CC[AT]GG
Cdi81III,GCMGAAG,GC[AC]GAAG
Cdi197II,GCGGAG,GCGGAG
Cdi1678I,GCGGAG,GCGGAG
Cdi11397I,GCGCAG,GCGCAG
CdiAI,GGNCC,GG[ACGT]CC
CdiCD6I,GGNCC,GG[ACGT]CC
CdiCD6II,GATC,GATC
CdpI,GCGGAG,GCGGAG
Cdu23823II,GTGAAG,GTGAAG
CelI,GGATCC,GGATCC
CelII,GCTNAGC,GCT[ACGT]AGC
CeqI,GATATC,GATATC
CfaI,RAATTY,[AG]AATT[CT]
CflI,CTGCAG,CTGCAG
CfoI,GCGC,GCGC
CfrI,YGGCCR,[CT]GGCC[AG]
Cfr4I,GGNCC,GG[ACGT]CC
Cfr5I,CCWGG,CC[AT]GG
Cfr6I,CAGCTG,CAGCTG
Cfr7I,GGTNACC,GGT[ACGT]ACC
Cfr8I,GGNCC,GG[ACGT]CC
Cfr9I,CCCGGG,CCCGGG
Cfr10I,RCCGGY,[AG]CCGG[CT]
Cfr11I,CCWGG,CC[AT]GG
Cfr13I,GGNCC,GG[ACGT]CC
Cfr14I,YGGCCR,[CT]GGCC[AG]
Cfr19I,GGTNACC,GGT[ACGT]ACC
Cfr20I,CCWGG,CC[AT]GG
Cfr22I,CCWGG,CC[AT]GG
Cfr23I,GGNCC,GG[ACGT]CC
Cfr24I,CCWGG,CC[AT]GG
Cfr25I,CCWGG,CC[AT]GG
Cfr27I,CCWGG,CC[AT]GG
Cfr28I,CCWGG,CC[AT]GG
Cfr29I,CCWGG,CC[AT]GG
Cfr30I,CCWGG,CC[AT]GG
Cfr31I,CCWGG,CC[AT]GG
Cfr32I,AAGCTT,AAGCTT
Cfr33I,GGNCC,GG[ACGT]CC
Cfr35I,CCWGG,CC[AT]GG
Cfr37I,CCGCGG,CCGCGG
Cfr38I,YGGCCR,[CT]GGCC[AG]
Cfr39I,YGGCCR,[CT]GGCC[AG]
Cfr40I,YGGCCR,[CT]GGCC[AG]
Cfr41I,CCGCGG,CCGCGG
Cfr42I,CCGCGG,CCGCGG
Cfr43I,CCGCGG,CCGCGG
Cfr45I,GGNCC,GG[ACGT]CC
Cfr45II,CCGCGG,CCGCGG
Cfr46I,GGNCC,GG[ACGT]CC
Cfr47I,GGNCC,GG[ACGT]CC
Cfr48I,GRGCYC,G[AG]GC[CT]C
Cfr51I,CGATCG,CGATCG
Cfr52I,GGNCC,GG[ACGT]CC
Cfr54I,GGNCC,GG[ACGT]CC
Cfr55I,YGGCCR,[CT]GGCC[AG]
Cfr56I,GGTCTC,GGTCTC
Cfr57I,TCCGGA,TCCGGA
Cfr58I,CCWGG,CC[AT]GG
Cfr59I,YGGCCR,[CT]GGCC[AG]
Cfr92I,CTTAAG,CTTAAG
CfrA4I,CTGCAG,CTGCAG
CfrBI,CCWWGG,CC[AT][AT]GG
CfrCI,C,C
CfrJ4I,CCCGGG,CCCGGG
CfrJ5I,GCGCGC,GCGCGC
CfrMH13II,AGCANCC,AGCA[ACGT]CC
CfrMH15IV,GACATC,GACATC
CfrMH16VI,CTAAAG,CTAAAG
CfrNI,GGNCC,GG[ACGT]CC
CfrS37I,CCWGG,CC[AT]GG
CfuI,GATC,GATC
CfuII,CTGCAG,CTGCAG
Cfupf3II,GARCAG,GA[AG]CAG
CglI,GCSGC,GC[CG]GC
Cgl13032I,GGCGCA,GGCGCA
Cgl13032II,ACGABGG,ACGA[CGT]GG
CglAI,GCATGC,GCATGC
CglAII,GTCGAC,GTCGAC
ChaI,GATC,GATC
ChuEI,AAGCTT,AAGCTT
ChuEII,GTYRAC,GT[CT][AG]AC
ChyI,AGGCCT,AGGCCT
Cin1467I,GATC,GATC
CjaI,CTCGAG,CTCGAG
CjeI,CCANNNNNNGT,CCA[ACGT][ACGT][ACGT][ACGT][ACGT][ACGT]GT
Cje262III,CCYGA,CC[CT]GA
Cje263II,CCYGA,CC[CT]GA
Cje263III,GKAAYG,G[GT]AA[CT]G
Cje263IV,GAGNNNNNGT,GAG[ACGT][ACGT][ACGT][ACGT][ACGT]GT
Cje265II,CCANNNNNNGT,CCA[ACGT][ACGT][ACGT][ACGT][ACGT][ACGT]GT
Cje265V,GKAAGC,G[GT]AAGC
Cje32488II,GKAAGC,G[GT]AAGC
Cje54107III,GKAAYC,G[GT]AA[CT]C
CjeFIII,GCAAGG,GCAAGG
CjeFV,GGRCA,GG[AG]CA
CjeF38011III,GAGNNNNNRTG,GAG[ACGT][ACGT][ACGT][ACGT][ACGT][AG]TG
CjeF38011IV,GKAAYC,G[GT]AA[CT]C
CjeIAIII,GAGNNNNNRTG,GAG[ACGT][ACGT][ACGT][ACGT][ACGT][AG]TG
CjeNII,GAGNNNNNGT,GAG[ACGT][ACGT][ACGT][ACGT][ACGT]GT
CjeNIII,GKAAYG,G[GT]AA[CT]G
CjeNV,CCYGA,CC[CT]GA
CjePI,CCANNNNNNNTC,CCA[ACGT][ACGT][ACGT][ACGT][ACGT][ACGT][ACGT]TC
CjeP338I,GATC,GATC
CjeP338II,GCATC,GCATC
CjeP659IV,CACNNNNNNNGAA,CAC[ACGT][ACGT][ACGT][ACGT][ACGT][ACGT][ACGT]GAA
CjeYH002II,CCYGA,CC[CT]GA
CjeYH002III,GKAAYG,G[GT]AA[CT]G
CjeYH002IV,GAGNNNNNGT,GAG[ACGT][ACGT][ACGT][ACGT][ACGT]GT
CjuI,CAYNNNNNRTG,CA[CT][ACGT][ACGT][ACGT][ACGT][ACGT][AG]TG
CjuII,CAYNNNNNCTC,CA[CT][ACGT][ACGT][ACGT][ACGT][ACGT]CTC
ClaI,ATCGAT,ATCGAT
Cla11845III,GCGAA,GCGAA
ClcI,CTGCAG,CTGCAG
ClcII,TGCGCA,TGCGCA
CliI,GGWCC,GG[AT]CC
CliII,TGCGCA,TGCGCA
ClmI,GGCC,GGCC
ClmII,GGWCC,GG[AT]CC
CltI,GGCC,GGCC
Cly7489II,AAAAGRG,AAAAG[AG]G
Cma23826I,CGGAAG,CGGAAG
CmaLM2II,GCNGC,GC[ACGT]GC
Cpa1150I,CGCG,CGCG
CpaAI,CGCG,CGCG
CpaPI,GATC,GATC
CpeI,TGATCA,TGATCA
CpfI,GATC,GATC
CpfAI,GATC,GATC
CphBI,CCCGGG,CCCGGG
CpoI,CGGWCCG,CGG[AT]CCG
CprJK722I,ATTAAT,ATTAAT
CscI,CCGCGG,CCGCGG
CseI,GACGC,GACGC
CsiI,ACCWGGT,ACC[AT]GGT
CsiAI,ACCGGT,ACCGGT
CsiBI,GCGGCCGC,GCGGCCGC
CspI,CGGWCCG,CGG[AT]CCG
Csp2I,GGCC,GGCC
Csp4I,ATCGAT,ATCGAT
Csp5I,GATC,GATC
Csp6I,GTAC,GTAC
Csp45I,TTCGAA,TTCGAA
Csp231I,AAGCTT,AAGCTT
Csp1470I,GCGC,GCGC
Csp2014I,GGAGGC,GGAGGC
CspAI,ACCGGT,ACCGGT
Csp12AI,GGATG,GGATG
CspBI,GCGGCCGC,GCGGCCGC
CspCI,CAANNNNNGTGG,CAA[ACGT][ACGT][ACGT][ACGT][ACGT]GTGG
Csp68KI,GGWCC,GG[AT]CC
Csp68KII,TTCGAA,TTCGAA
Csp68KIII,ATGCAT,ATGCAT
Csp68KVI,CGCG,CGCG
CstI,CTGCAG,CTGCAG
CstMI,AAGGAG,AAGGAG
Cte1I,CCGCGG,CCGCGG
Cte1179I,GATC,GATC
Cte1180I,GATC,GATC
CthI,TGATCA,TGATCA
CthII,CCWGG,CC[AT]GG
CtyI,GATC,GATC
CviAI,GATC,GATC
CviAII,CATG,CATG
CviBI,GANTC,GA[ACGT]TC
CviCI,GANTC,GA[ACGT]TC
CviDI,GANTC,GA[ACGT]TC
CviEI,GANTC,GA[ACGT]TC
CviFI,GANTC,GA[ACGT]TC
CviGI,GANTC,GA[ACGT]TC
CviHI,GATC,GATC
CviJI,RGCY,[AG]GC[CT]
CviKI-1,RGCY,[AG]GC[CT]
CviKI,RGCY,[AG]GC[CT]
CviLI,RGCY,[AG]GC[CT]
CviMI,RGCY,[AG]GC[CT]
CviNI,RGCY,[AG]GC[CT]
CviOI,RGCY,[AG]GC[CT]
CviQI,GTAC,GTAC
CviRI,TGCA,TGCA
CviRII,GTAC,GTAC
CviSIII,TCGA,TCGA
CvnI,CCTNAGG,CCT[ACGT]AGG
DaqI,GTGCAC,GTGCAC
DdeI,CTNAG,CT[ACGT]AG
DdeII,CTCGAG,CTCGAG
Dde51507I,CCWGG,CC[AT]GG
DdsI,GGATCC,GGATCC
DfaPA1III,TACGAG,TACGAG
DinI,GGCGCC,GGCGCC
DmaI,CAGCTG,CAGCTG
Dor12838III,CTGGAG,CTGGAG
DpaI,AGTACT,AGTACT
DpnI,GATC,GATC
DpnII,GATC,GATC
DraI,TTTAAA,TTTAAA
DraII,RGGNCCY,[AG]GG[ACGT]CC[CT]
DraIII,CACNNNGTG,CAC[ACGT][ACGT][ACGT]GTG
DraRI,CAAGNAC,CAAG[ACGT]AC
DrdI,GACNNNNNNGTC,GAC[ACGT][ACGT][ACGT][ACGT][ACGT][ACGT]GTC
DrdII,GAACCA,GAACCA
DrdIII,CGATCG,CGATCG
DrdIV,TACGAC,TACGAC
DrdAI,CCGCGG,CCGCGG
DrdBI,CCGCGG,CCGCGG
DrdCI,CCGCGG,CCGCGG
DrdDI,CTCGAG,CTCGAG
DrdEI,CCGCGG,CCGCGG
DrdFI,CCGCGG,CCGCGG
DriI,GACNNNNNGTC,GAC[ACGT][ACGT][ACGT][ACGT][ACGT]GTC
DsaI,CCRYGG,CC[AG][CT]GG
DsaII,GGCC,GGCC
DsaIII,RGATCY,[AG]GATC[CT]
DsaIV,GGWCC,GG[AT]CC
DsaV,CCNGG,CC[ACGT]GG
DsaVI,GTMKAC,GT[AC][GT]AC
DseDI,GACNNNNNNGTC,GAC[ACGT][ACGT][ACGT][ACGT][ACGT][ACGT]GTC
Dsp1I,CCGCGG,CCGCGG
Dsp20I,GCWGC,GC[AT]GC
DvuIII,CACNCAC,CAC[ACGT]CAC
EacI,GGATC,GGATC
EaeI,YGGCCR,[CT]GGCC[AG]
Eae2I,CTCGAG,CTCGAG
Eae46I,CCGCGG,CCGCGG
EaeAI,CCCGGG,CCCGGG
EaePI,CTGCAG,CTGCAG
EagI,CGGCCG,CGGCCG
EagBI,CGATCG,CGATCG
EagKI,CCWGG,CC[AT]GG
EagMI,GGWCC,GG[AT]CC
Eam1104I,CTCTTC,CTCTTC
Eam1105I,GACNNNNNGTC,GAC[ACGT][ACGT][ACGT][ACGT][ACGT]GTC
EarI,CTCTTC,CTCTTC
EbaNIH1II,CTGAAG,CTGAAG
EbaNIH3I,CTGAAG,CTGAAG
EcaI,GGTNACC,GGT[ACGT]ACC
EcaII,CCWGG,CC[AT]GG
EccI,CCGCGG,CCGCGG
EciI,GGCGGA,GGCGGA
Eci125I,GGTNACC,GGT[ACGT]ACC
EciAI,TACGTA,TACGTA
EciBI,YGGCCR,[CT]GGCC[AG]
EciCI,CCTNAGG,CCT[ACGT]AGG
EciDI,CCSGG,CC[CG]GG
EciEI,GGGCCC,GGGCCC
EclI,CAGCTG,CAGCTG
EclII,CCWGG,CC[AT]GG
Ecl1I,CCGCGG,CCGCGG
Ecl28I,CCGCGG,CCGCGG
Ecl37I,CCGCGG,CCGCGG
Ecl66I,CCWGG,CC[AT]GG
Ecl77I,CTGCAG,CTGCAG
Ecl133I,CTGCAG,CTGCAG
Ecl136I,CCWGG,CC[AT]GG
Ecl136II,GAGCTC,GAGCTC
Ecl137I,GAGCTC,GAGCTC
Ecl137II,CCWGG,CC[AT]GG
Ecl234I,CGGNAAG,CGG[ACGT]AAG
Ecl388I,CGGNAAG,CGG[ACGT]AAG
Ecl593I,CTGCAG,CTGCAG
Ecl35734I,GAAAYTC,GAAA[CT]TC
EclHKI,GACNNNNNGTC,GAC[ACGT][ACGT][ACGT][ACGT][ACGT]GTC
EclJI,CGATCG,CGATCG
EclRI,CCCGGG,CCCGGG
EclS39I,CCWGG,CC[AT]GG
EclXI,CGGCCG,CGGCCG
Ecl18kI,CCNGG,CC[ACGT]GG
Ecl37kI,CTGCAG,CTGCAG
Ecl37kII,CCWGG,CC[AT]GG
Ecl54kI,CCWGG,CC[AT]GG
Ecl57kI,CCWGG,CC[AT]GG
Ecl699kI,CTGCAG,CTGCAG
Ecl1zI,CTGCAG,CTGCAG
Ecl1zII,CCWGG,CC[AT]GG
Ecl2zI,CTGCAG,CTGCAG
Eco17I,GATATC,GATATC
Eco24I,GRGCYC,G[AG]GC[CT]C
Eco25I,GRGCYC,G[AG]GC[CT]C
Eco26I,GRGCYC,G[AG]GC[CT]C
Eco31I,GGTCTC,GGTCTC
Eco32I,GATATC,GATATC
Eco35I,GRGCYC,G[AG]GC[CT]C
Eco38I,CCWGG,CC[AT]GG
Eco39I,GGNCC,GG[ACGT]CC
Eco40I,CCWGG,CC[AT]GG
Eco41I,CCWGG,CC[AT]GG
Eco42I,GGTCTC,GGTCTC
Eco43I,CCNGG,CC[ACGT]GG
Eco47I,GGWCC,GG[AT]CC
Eco47II,GGNCC,GG[ACGT]CC
Eco47III,AGCGCT,AGCGCT
Eco48I,CTGCAG,CTGCAG
Eco49I,CTGCAG,CTGCAG
Eco50I,GGYRCC,GG[CT][AG]CC
Eco51I,GGTCTC,GGTCTC
Eco51II,CCNGG,CC[ACGT]GG
Eco52I,CGGCCG,CGGCCG
Eco55I,CCGCGG,CCGCGG
Eco56I,GCCGGC,GCCGGC
Eco57I,CTGAAG,CTGAAG
Eco60I,CCWGG,CC[AT]GG
Eco61I,CCWGG,CC[AT]GG
Eco64I,GGYRCC,GG[CT][AG]CC
Eco65I,AAGCTT,AAGCTT
Eco67I,CCWGG,CC[AT]GG
Eco68I,GRGCYC,G[AG]GC[CT]C
Eco70I,CCWGG,CC[AT]GG
Eco71I,CCWGG,CC[AT]GG
Eco72I,CACGTG,CACGTG
Eco76I,CCTNAGG,CCT[ACGT]AGG
Eco78I,GGCGCC,GGCGCC
Eco80I,CCNGG,CC[ACGT]GG
Eco81I,CCTNAGG,CCT[ACGT]AGG
Eco82I,GAATTC,GAATTC
Eco83I,CTGCAG,CTGCAG
Eco85I,CCNGG,CC[ACGT]GG
Eco88I,CYCGRG,C[CT]CG[AG]G
Eco90I,YGGCCR,[CT]GGCC[AG]
Eco91I,GGTNACC,GGT[ACGT]ACC
Eco92I,CCGCGG,CCGCGG
Eco93I,CCNGG,CC[ACGT]GG
Eco95I,GGTCTC,GGTCTC
Eco96I,CCGCGG,CCGCGG
Eco97I,GGTCTC,GGTCTC
Eco98I,AAGCTT,AAGCTT
Eco99I,CCGCGG,CCGCGG
Eco100I,CCGCGG,CCGCGG
Eco101I,GGTCTC,GGTCTC
Eco104I,CCGCGG,CCGCGG
Eco105I,TACGTA,TACGTA
Eco112I,CTGAAG,CTGAAG
Eco113I,GRGCYC,G[AG]GC[CT]C
Eco115I,CCTNAGG,CCT[ACGT]AGG
Eco118I,CCTNAGG,CCT[ACGT]AGG
Eco120I,GGTCTC,GGTCTC
Eco121I,CCSGG,CC[CG]GG
Eco125I,CTGAAG,CTGAAG
Eco127I,GGTCTC,GGTCTC
Eco128I,CCWGG,CC[AT]GG
Eco129I,GGTCTC,GGTCTC
Eco130I,CCWWGG,CC[AT][AT]GG
Eco134I,CCGCGG,CCGCGG
Eco135I,CCGCGG,CCGCGG
Eco143I,GCGCGC,GCGCGC
Eco147I,AGGCCT,AGGCCT
Eco149I,GGTACC,GGTACC
Eco151I,CCGCGG,CCGCGG
Eco152I,GCGCGC,GCGCGC
Eco153I,CCNGG,CC[ACGT]GG
Eco155I,GGTCTC,GGTCTC
Eco156I,GGTCTC,GGTCTC
Eco157I,GGTCTC,GGTCTC
Eco158I,CCGCGG,CCGCGG
Eco158II,TACGTA,TACGTA
Eco159I,GAATTC,GAATTC
Eco161I,CTGCAG,CTGCAG
Eco0162II,ATGAAG,ATGAAG
Eco162I,GGTCTC,GGTCTC
Eco164I,YGGCCR,[CT]GGCC[AG]
Eco167I,CTGCAG,CTGCAG
Eco168I,GGYRCC,GG[CT][AG]CC
Eco169I,GGYRCC,GG[CT][AG]CC
Eco170I,CCWGG,CC[AT]GG
Eco171I,GGYRCC,GG[CT][AG]CC
Eco173I,GGYRCC,GG[CT][AG]CC
Eco178I,GATATC,GATATC
Eco179I,CCSGG,CC[CG]GG
Eco180I,GRGCYC,G[AG]GC[CT]C
Eco182I,CCGCGG,CCGCGG
Eco185I,GGTCTC,GGTCTC
Eco188I,AAGCTT,AAGCTT
Eco190I,CCSGG,CC[CG]GG
Eco191I,GGTCTC,GGTCTC
Eco193I,CCWGG,CC[AT]GG
Eco195I,GGYRCC,GG[CT][AG]CC
Eco196I,CCGCGG,CCGCGG
Eco196II,GGNCC,GG[ACGT]CC
Eco200I,CCNGG,CC[ACGT]GG
Eco201I,GGNCC,GG[ACGT]CC
Eco203I,GGTCTC,GGTCTC
Eco204I,GGTCTC,GGTCTC
Eco205I,GGTCTC,GGTCTC
Eco206I,CCWGG,CC[AT]GG
Eco207I,CCWGG,CC[AT]GG
Eco208I,CCGCGG,CCGCGG
Eco208II,CCWWGG,CC[AT][AT]GG
Eco211I,GRGCYC,G[AG]GC[CT]C
Eco215I,GRGCYC,G[AG]GC[CT]C
Eco216I,GRGCYC,G[AG]GC[CT]C
Eco217I,GGTCTC,GGTCTC
Eco225I,GGTCTC,GGTCTC
Eco228I,GAATTC,GAATTC
Eco231I,AAGCTT,AAGCTT
Eco232I,GRGCYC,G[AG]GC[CT]C
Eco233I,GGTCTC,GGTCTC
Eco237I,GAATTC,GAATTC
Eco239I,GGTCTC,GGTCTC
Eco240I,GGTCTC,GGTCTC
Eco241I,GGTCTC,GGTCTC
Eco246I,GGTCTC,GGTCTC
Eco247I,GGTCTC,GGTCTC
Eco249I,GRGCYC,G[AG]GC[CT]C
Eco252I,GAATTC,GAATTC
Eco254I,CCWGG,CC[AT]GG
Eco255I,AGTACT,AGTACT
Eco256I,CCWGG,CC[AT]GG
Eco260I,CTGCAG,CTGCAG
Eco261I,CTGCAG,CTGCAG
Eco262I,GRGCYC,G[AG]GC[CT]C
Eco263I,GGTCTC,GGTCTC
Eco268I,CRARCAG,C[AG]A[AG]CAG
Eco293II,GAAABCC,GAAA[CGT]CC
Eco0398II,GAAABCC,GAAA[CGT]CC
Eco644I,GAAABCC,GAAA[CGT]CC
Eco933II,GAAABCC,GAAA[CGT]CC
Eco1130II,GAAABCC,GAAA[CGT]CC
Eco1524I,AGGCCT,AGGCCT
Eco1831I,CCSGG,CC[CG]GG
Eco2149II,GAAABCC,GAAA[CGT]CC
Eco2159II,GAAABCC,GAAA[CGT]CC
Eco3384II,GAAABCC,GAAA[CGT]CC
Eco4276II,GAAABCC,GAAA[CGT]CC
Eco4465II,GAAABCC,GAAA[CGT]CC
Eco8368II,GAAABCC,GAAA[CGT]CC
Eco9234II,GAAABCC,GAAA[CGT]CC
Eco9272I,CTGAAG,CTGAAG
Eco9276II,CRARCAG,C[AG]A[AG]CAG
Eco9280I,CRARCAG,C[AG]A[AG]CAG
Eco9322I,CRARCAG,C[AG]A[AG]CAG
Eco43896II,CRARCAG,C[AG]A[AG]CAG
EcoA4I,GGTCTC,GGTCTC
EcoBE25II,CTTGAC,CTTGAC
EcoBLMcrX,RCSRC,[AG]C[CG][AG]C
EcoE1140I,ACCYAC,ACC[CT]AC
EcoGIII,CTGCAG,CTGCAG
EcoHI,CCSGG,CC[CG]GG
EcoHAI,YGGCCR,[CT]GGCC[AG]
EcoHK31I,YGGCCR,[CT]GGCC[AG]
EcoHSI,GGTAAG,GGTAAG
EcoICRI,GAGCTC,GAGCTC
Eco71KI,GGTCTC,GGTCTC
Eco75KI,GRGCYC,G[AG]GC[CT]C
Eco57MI,CTGRAG,CTG[AG]AG
EcoMVII,CANCATC,CA[ACGT]CATC
EcoNI,CCTNNNNNAGG,CCT[ACGT][ACGT][ACGT][ACGT][ACGT]AGG
EcoNIH6II,ATGAAG,ATGAAG
EcoO44I,GGTCTC,GGTCTC
EcoO65I,GGTNACC,GGT[ACGT]ACC
EcoO109I,RGGNCCY,[AG]GG[ACGT]CC[CT]
EcoO128I,GGTNACC,GGT[ACGT]ACC
EcoPT54I,GAAABCC,GAAA[CGT]CC
EcoRI,GAATTC,GAATTC
EcoRII,CCWGG,CC[AT]GG
EcoRV,GATATC,GATATC
EcoT14I,CCWWGG,CC[AT][AT]GG
EcoT22I,ATGCAT,ATGCAT
EcoT38I,GRGCYC,G[AG]GC[CT]C
EcoT88I,GRGCYC,G[AG]GC[CT]C
EcoT93I,GRGCYC,G[AG]GC[CT]C
EcoT95I,GRGCYC,G[AG]GC[CT]C
EcoT104I,CCWWGG,CC[AT][AT]GG
EcoVIII,AAGCTT,AAGCTT
Eco13kI,CCNGG,CC[ACGT]GG
Eco21kI,CCNGG,CC[ACGT]GG
Eco27kI,CYCGRG,C[CT]CG[AG]G
Eco29kI,CCGCGG,CCGCGG
Eco53kI,GAGCTC,GAGCTC
Eco110kI,CCTNAGG,CCT[ACGT]AGG
Eco137kI,CCNGG,CC[ACGT]GG
Efa1KI,CCWGG,CC[AT]GG
Efa31KI,GTCTC,GTCTC
EgeI,GGCGCC,GGCGCC
EheI,GGCGCC,GGCGCC
EhoI,CTGCAG,CTGCAG
Eli8509II,CCGGAG,CCGGAG
ElmI,GCNGC,GC[ACGT]GC
ErhI,CCWWGG,CC[AT][AT]GG
ErhB9I,CGATCG,CGATCG
ErhB9II,CCWWGG,CC[AT][AT]GG
ErpI,GGWCC,GG[AT]CC
EsaBC3I,TCGA,TCGA
EsaBC4I,GGCC,GGCC
EsaBS9I,CGCG,CGCG
EsaLHCI,GATC,GATC
EsaMMI,C,C
EsaNI,C,C
EsaSSI,GACCAC,GACCAC
EsaWC1I,GGCC,GGCC
EscI,CTCGAG,CTCGAG
Ese3I,CCGCGG,CCGCGG
Ese4I,GRGCYC,G[AG]GC[CT]C
Ese6I,CCGCGG,CCGCGG
Ese6II,CCWGG,CC[AT]GG
EspI,GCTNAGC,GCT[ACGT]AGC
Esp1I,GGYRCC,GG[CT][AG]CC
Esp2I,CCWGG,CC[AT]GG
Esp3I,CGTCTC,CGTCTC
Esp4I,CTTAAG,CTTAAG
Esp5I,GCCGGC,GCCGGC
Esp5II,CTGCAG,CTGCAG
Esp6I,GGYRCC,GG[CT][AG]CC
Esp7I,GCGCGC,GCGCGC
Esp8I,GCGCGC,GCGCGC
Esp9I,GGYRCC,GG[CT][AG]CC
Esp10I,GGYRCC,GG[CT][AG]CC
Esp11I,GGYRCC,GG[CT][AG]CC
Esp12I,GGYRCC,GG[CT][AG]CC
Esp13I,GGYRCC,GG[CT][AG]CC
Esp14I,GGYRCC,GG[CT][AG]CC
Esp15I,GGYRCC,GG[CT][AG]CC
Esp16I,CGTCTC,CGTCTC
Esp19I,GGTACC,GGTACC
Esp21I,GGYRCC,GG[CT][AG]CC
Esp22I,GGYRCC,GG[CT][AG]CC
Esp23I,CGTCTC,CGTCTC
Esp24I,CCWGG,CC[AT]GG
Esp25I,GGYRCC,GG[CT][AG]CC
Esp141I,CTGCAG,CTGCAG
Esp638I,GCNGC,GC[ACGT]GC
Esp1396I,CCANNNNNTGG,CCA[ACGT][ACGT][ACGT][ACGT][ACGT]TGG
Esp3007I,CAGAAG,CAGAAG
EspHK7I,CCWGG,CC[AT]GG
EspHK16I,YGGCCR,[CT]GGCC[AG]
EspHK22I,CCWGG,CC[AT]GG
EspHK24I,YGGCCR,[CT]GGCC[AG]
EspHK26I,TCCGGA,TCCGGA
EspHK29I,CYCGRG,C[CT]CG[AG]G
EspHK30I,CCWGG,CC[AT]GG
Exi27195I,GCCGAC,GCCGAC
FaeI,CATG,CATG
FaiI,YATR,[CT]AT[AG]
FalI,AAGNNNNNCTT,AAG[ACGT][ACGT][ACGT][ACGT][ACGT]CTT
FalII,CGCG,CGCG
FaqI,GGGAC,GGGAC
FatI,CATG,CATG
FauI,CCCGC,CCCGC
FauBII,CGCG,CGCG
FauNDI,CATATG,CATATG
FbaI,TGATCA,TGATCA
FblI,GTMKAC,GT[AC][GT]AC
FbrI,GCNGC,GC[ACGT]GC
Fco1691IV,GCVGAG,GC[ACG]GAG
FdiI,GGWCC,GG[AT]CC
FdiII,TGCGCA,TGCGCA
FgoI,CTAG,CTAG
FinI,GGGAC,GGGAC
FinII,CCGG,CCGG
FinSI,GGCC,GGCC
FisI,CTAG,CTAG
Fla104114II,CCRGAG,CC[AG]GAG
FmuI,GGNCC,GG[ACGT]CC
FnuAI,GANTC,GA[ACGT]TC
FnuAII,GATC,GATC
FnuCI,GATC,GATC
FnuDI,GGCC,GGCC
FnuDII,CGCG,CGCG
FnuDIII,GCGC,GCGC
FnuEI,GATC,GATC
Fnu4HI,GCNGC,GC[ACGT]GC
FokI,GGATG,GGATG
Fph2801I,GAGNNNNNRTG,GAG[ACGT][ACGT][ACGT][ACGT][ACGT][AG]TG
FpsJI,CCGG,CCGG
FriOI,GRGCYC,G[AG]GC[CT]C
FscI,CCGCGG,CCGCGG
FseI,GGCCGGCC,GGCCGGCC
FsfI,CTGAAG,CTGAAG
FsiI,RAATTY,[AG]AATT[CT]
FspI,TGCGCA,TGCGCA
FspII,TTCGAA,TTCGAA
Fsp1604I,CCWGG,CC[AT]GG
FspAI,RTGCGCAY,[AG]TGCGCA[CT]
FspBI,CTAG,CTAG
FspEI,CC,CC
Fsp4HI,GCNGC,GC[ACGT]GC
FspMI,CGCG,CGCG
FspMSI,GGWCC,GG[AT]CC
FspPK15I,GARGAAG,GA[AG]GAAG
FssI,GGWCC,GG[AT]CC
FsuI,GACNNNGTC,GAC[ACGT][ACGT][ACGT]GTC
Fsy5DI,TGGCCA,TGGCCA
FtnUIV,GATC,GATC
FtnUV,GAAACA,GAAACA
FunI,AGCGCT,AGCGCT
FunII,GAATTC,GAATTC
GalI,CCGCGG,CCGCGG
GauT27I,CGCGCAGG,CGCGCAGG
Gba708II,ATGCAC,ATGCAC
GceI,CCGCGG,CCGCGG
GceGLI,CCGCGG,CCGCGG
GdiI,AGGCCT,AGGCCT
GdiII,CGGCCR,CGGCC[AG]
GdoI,GGATCC,GGATCC
GeoICI,GCAGC,GCAGC
GinI,GGATCC,GGATCC
GlaI,GCGC,GCGC
GluI,GCNGC,GC[ACGT]GC
GobAI,AGGCCT,AGGCCT
GoxI,GGATCC,GGATCC
GsaI,CCCAGC,CCCAGC
GseI,GGNCC,GG[ACGT]CC
GseII,CTGCAG,CTGCAG
GseIII,GGATCC,GGATCC
GspI,CAGCTG,CAGCTG
Gsp29I,GRGCRAC,G[AG]GC[AG]AC
GspAI,GGWCC,GG[AT]CC
GspAII,TGCGCA,TGCGCA
GstI,GGATCC,GGATCC
Gst1588I,CYCGRG,C[CT]CG[AG]G
Gst1588II,GATC,GATC
GsuI,CTGGAG,CTGGAG
HacI,GATC,GATC
HaeI,WGGCCW,[AT]GGCC[AT]
HaeII,RGCGCY,[AG]GCGC[CT]
HaeIII,GGCC,GGCC
HaeIV,GAYNNNNNRTC,GA[CT][ACGT][ACGT][ACGT][ACGT][ACGT][AG]TC
HalI,GAATTC,GAATTC
HalII,CTGCAG,CTGCAG
Hal22I,GAATTC,GAATTC
HapII,CCGG,CCGG
HauII,TGGCCANNNNNNNNNNN,TGGCCA[ACGT][ACGT][ACGT][ACGT][ACGT][ACGT][ACGT][ACGT][ACGT][ACGT][ACGT]
HbaII,GCCCAG,GCCCAG
HdeNY26I,CGANNNNNNTCC,CGA[ACGT][ACGT][ACGT][ACGT][ACGT][ACGT]TCC
HdeZA17I,GCANNNNNNTCC,GCA[ACGT][ACGT][ACGT][ACGT][ACGT][ACGT]TCC
HgaI,GACGC,GACGC
HgiI,GRCGYC,G[AG]CG[CT]C
HgiAI,GWGCWC,G[AT]GC[AT]C
HgiBI,GGWCC,GG[AT]CC
HgiCI,GGYRCC,GG[CT][AG]CC
HgiCII,GGWCC,GG[AT]CC
HgiCIII,GTCGAC,GTCGAC
HgiDI,GRCGYC,G[AG]CG[CT]C
HgiDII,GTCGAC,GTCGAC
HgiEI,GGWCC,GG[AT]CC
HgiEII,ACCNNNNNNGGT,ACC[ACGT][ACGT][ACGT][ACGT][ACGT][ACGT]GGT
HgiGI,GRCGYC,G[AG]CG[CT]C
HgiHI,GGYRCC,GG[CT][AG]CC
HgiHII,GRCGYC,G[AG]CG[CT]C
HgiHIII,GGWCC,GG[AT]CC
HgiJI,GGWCC,GG[AT]CC
HgiJII,GRGCYC,G[AG]GC[CT]C
HgiS21I,CCSGG,CC[CG]GG
HgiS22I,CCSGG,CC[CG]GG
HhaI,GCGC,GCGC
HhaII,GANTC,GA[ACGT]TC
HhdI,CCWGG,CC[AT]GG
HhgI,GGCC,GGCC
Hin1I,GRCGYC,G[AG]CG[CT]C
Hin1II,CATG,CATG
Hin2I,CCGG,CCGG
Hin3I,CCSGG,CC[CG]GG
Hin4I,GAYNNNNNVTC,GA[CT][ACGT][ACGT][ACGT][ACGT][ACGT][ACG]TC
Hin4II,CCTTC,CCTTC
Hin5I,CCGG,CCGG
Hin5II,GGNCC,GG[ACGT]CC
Hin5III,AAGCTT,AAGCTT
Hin6I,GCGC,GCGC
Hin7I,GCGC,GCGC
Hin8I,GRCGYC,G[AG]CG[CT]C
Hin8II,CATG,CATG
Hin173I,AAGCTT,AAGCTT
Hin1056I,CGCG,CGCG
Hin1076III,AAGCTT,AAGCTT
Hin1160II,GTYRAC,GT[CT][AG]AC
Hin1161II,GTYRAC,GT[CT][AG]AC
HinGUI,GCGC,GCGC
HinGUII,GGATG,GGATG
HinHI,RGCGCY,[AG]GCGC[CT]
HinJCI,GTYRAC,GT[CT][AG]AC
HinJCII,AAGCTT,AAGCTT
HinP1I,GCGC,GCGC
HinS1I,GCGC,GCGC
HinS2I,GCGC,GCGC
HinSAFI,AAGCTT,AAGCTT
HinbIII,AAGCTT,AAGCTT
HincII,GTYRAC,GT[CT][AG]AC
HindII,GTYRAC,GT[CT][AG]AC
HindIII,AAGCTT,AAGCTT
HinfI,GANTC,GA[ACGT]TC
HinfII,AAGCTT,AAGCTT
HjaI,GATATC,GATATC
HpaI,GTTAAC,GTTAAC
HpaII,CCGG,CCGG
HphI,GGTGA,GGTGA
HpyII,GAAGA,GAAGA
HpyIV,GANTC,GA[ACGT]TC
HpyV,TCGA,TCGA
HpyVIII,CCGG,CCGG
Hpy8I,GTNNAC,GT[ACGT][ACGT]AC
Hpy8II,GTSAC,GT[CG]AC
Hpy8III,GWGCWC,G[AT]GC[AT]C
Hpy26I,TGCA,TGCA
Hpy26II,TCGA,TCGA
Hpy30XI,CCATC,CCATC
Hpy30XIII,AGGAG,AGGAG
Hpy51I,GTSAC,GT[CG]AC
Hpy99I,CGWCG,CG[AT]CG
Hpy99II,GTSAC,GT[CG]AC
Hpy99III,GCGC,GCGC
Hpy99IV,CCNNGG,CC[ACGT][ACGT]GG
Hpy99XIII,GCCTA,GCCTA
Hpy99XIV,GGWTAA,GG[AT]TAA
Hpy99XIV-mut1,GGWCNA,GG[AT]C[ACGT]A
Hpy99XXII,TCANNNNNNTRG,TCA[ACGT][ACGT][ACGT][ACGT][ACGT][ACGT]T[AG]G
Hpy166I,TCNGA,TC[ACGT]GA
Hpy166II,GTNNAC,GT[ACGT][ACGT]AC
Hpy166III,CCTC,CCTC
Hpy178II,GAAGA,GAAGA
Hpy178III,TCNNGA,TC[ACGT][ACGT]GA
Hpy178VI,GGATG,GGATG
Hpy178VII,GGCC,GGCC
Hpy188I,TCNGA,TC[ACGT]GA
Hpy188III,TCNNGA,TC[ACGT][ACGT]GA
Hpy299IX,CCGG,CCGG
Hpy300VIII,AGGAG,AGGAG
Hpy300XI,CCTYNA,CCT[CT][ACGT]A
Hpy303I,GTAC,GTAC
Hpy312I,GTAC,GTAC
Hpy401I,GTAC,GTAC
Hpy421I,GTAC,GTAC
Hpy423I,GTAC,GTAC
Hpy471I,GTAC,GTAC
Hpy501I,GTAC,GTAC
HpyAII,GAAGA,GAAGA
HpyAIII,GATC,GATC
HpyAIV,GANTC,GA[ACGT]TC
HpyAV,CCTTC,CCTTC
HpyAXIV,GCGTA,GCGTA
HpyAXVI-mut1,CRTTAA,C[AG]TTAA
HpyAXVI-mut2,CRTCNA,C[AG]TC[ACGT]A
Hpy87AI,GANTC,GA[ACGT]TC
HpyBI,GTAC,GTAC
HpyBII,GTNNAC,GT[ACGT][ACGT]AC
HpyCI,GATATC,GATATC
HpyC1I,CCATC,CCATC
HpyCH4I,CATG,CATG
HpyCH4II,CTNAG,CT[ACGT]AG
HpyCH4III,ACNGT,AC[ACGT]GT
HpyCH4IV,ACGT,ACGT
HpyCH4V,TGCA,TGCA
HpyCH4VI,TCNNGA,TC[ACGT][ACGT]GA
HpyF1I,GTSAC,GT[CG]AC
HpyF2I,CTRYAG,CT[AG][CT]AG
HpyF2II,GANTC,GA[ACGT]TC
HpyF3I,CTNAG,CT[ACGT]AG
HpyF4I,GTSAC,GT[CG]AC
HpyF4II,CTNAG,CT[ACGT]AG
HpyF5I,CTNAG,CT[ACGT]AG
HpyF5II,ACNGT,AC[ACGT]GT
HpyF6I,GGATG,GGATG
HpyF6II,GTSAC,GT[CG]AC
HpyF6III,CTNAG,CT[ACGT]AG
HpyF7I,CTNAG,CT[ACGT]AG
HpyF7II,GWGCWC,G[AT]GC[AT]C
HpyF7III,GTNNAC,GT[ACGT][ACGT]AC
HpyF9I,GTSAC,GT[CG]AC
HpyF9II,CTNAG,CT[ACGT]AG
HpyF9III,ACNGT,AC[ACGT]GT
HpyF10I,GCGC,GCGC
HpyF10II,GANTC,GA[ACGT]TC
HpyF10III,CCNNGG,CC[ACGT][ACGT]GG
HpyF10IV,GTAC,GTAC
HpyF10V,GGCC,GGCC
HpyF10VI,GCNNNNNNNGC,GC[ACGT][ACGT][ACGT][ACGT][ACGT][ACGT][ACGT]GC
HpyF11I,CTNAG,CT[ACGT]AG
HpyF11II,TCNGA,TC[ACGT]GA
HpyF12I,ACNGT,AC[ACGT]GT
HpyF12II,TCNGA,TC[ACGT]GA
HpyF13I,GTSAC,GT[CG]AC
HpyF13II,CTNAG,CT[ACGT]AG
HpyF13III,ACGT,ACGT
HpyF13IV,GTAC,GTAC
HpyF14I,CGCG,CGCG
HpyF14II,GTNNAC,GT[ACGT][ACGT]AC
HpyF14III,TCGA,TCGA
HpyF15I,CGCG,CGCG
HpyF15II,TCNGA,TC[ACGT]GA
HpyF16I,TCGA,TCGA
HpyF16II,TCNNGA,TC[ACGT][ACGT]GA
HpyF17I,TCNGA,TC[ACGT]GA
HpyF18I,GANTC,GA[ACGT]TC
HpyF19I,CTNAG,CT[ACGT]AG
HpyF19II,TCNGA,TC[ACGT]GA
HpyF19III,TCNNGA,TC[ACGT][ACGT]GA
HpyF20I,ACNGT,AC[ACGT]GT
HpyF21I,CTNAG,CT[ACGT]AG
HpyF21II,GTAC,GTAC
HpyF22I,ACNGT,AC[ACGT]GT
HpyF22II,CTNAG,CT[ACGT]AG
HpyF22III,TCNNGA,TC[ACGT][ACGT]GA
HpyF23I,TCGA,TCGA
HpyF24I,TCGA,TCGA
HpyF24II,CTNAG,CT[ACGT]AG
HpyF25I,CTNAG,CT[ACGT]AG
HpyF25II,GTSAC,GT[CG]AC
HpyF26I,CGCG,CGCG
HpyF26II,GGCC,GGCC
HpyF26III,TCGA,TCGA
HpyF27I,CTNAG,CT[ACGT]AG
HpyF27II,TCNGA,TC[ACGT]GA
HpyF28I,TCNGA,TC[ACGT]GA
HpyF29I,GGCC,GGCC
HpyF30I,TCGA,TCGA
HpyF30II,CTNAG,CT[ACGT]AG
HpyF31I,GTAC,GTAC
HpyF31II,GTSAC,GT[CG]AC
HpyF32I,CTNAG,CT[ACGT]AG
HpyF33I,TCNGA,TC[ACGT]GA
HpyF33II,GGCC,GGCC
HpyF34I,CTNAG,CT[ACGT]AG
HpyF34II,GTSAC,GT[CG]AC
HpyF35I,TCGA,TCGA
HpyF35II,ACGT,ACGT
HpyF35III,ACNGT,AC[ACGT]GT
HpyF35IV,GTSAC,GT[CG]AC
HpyF36I,GTSAC,GT[CG]AC
HpyF36II,GTAC,GTAC
HpyF36III,TGCA,TGCA
HpyF36IV,GDGCHC,G[AGT]GC[ACT]C
HpyF37I,CTNAG,CT[ACGT]AG
HpyF38I,GANTC,GA[ACGT]TC
HpyF38II,TGCA,TGCA
HpyF40I,ACNGT,AC[ACGT]GT
HpyF40II,TCGA,TCGA
HpyF40III,GTSAC,GT[CG]AC
HpyF41I,ACNGT,AC[ACGT]GT
HpyF41II,CTNAG,CT[ACGT]AG
HpyF42I,GGCC,GGCC
HpyF42II,ACNGT,AC[ACGT]GT
HpyF42III,TCNGA,TC[ACGT]GA
HpyF42IV,TCGA,TCGA
HpyF43I,CCGG,CCGG
HpyF44I,GANTC,GA[ACGT]TC
HpyF44II,GGNNCC,GG[ACGT][ACGT]CC
HpyF44III,TGCA,TGCA
HpyF44IV,TCNNGA,TC[ACGT][ACGT]GA
HpyF44V,GTAC,GTAC
HpyF45I,TCGA,TCGA
HpyF45II,TGCA,TGCA
HpyF46I,ACNGT,AC[ACGT]GT
HpyF46II,GWGCWC,G[AT]GC[AT]C
HpyF46III,GTNNAC,GT[ACGT][ACGT]AC
HpyF46IV,TCNGA,TC[ACGT]GA
HpyF46V,GGCC,GGCC
HpyF47I,GDGCHC,G[AGT]GC[ACT]C
HpyF48I,GTSAC,GT[CG]AC
HpyF48II,ACNGT,AC[ACGT]GT
HpyF48III,TGCA,TGCA
HpyF49I,TCGA,TCGA
HpyF49II,GTSAC,GT[CG]AC
HpyF49III,GTNNAC,GT[ACGT][ACGT]AC
HpyF49IV,GGCC,GGCC
HpyF49V,TGCA,TGCA
HpyF50I,GTNNAC,GT[ACGT][ACGT]AC
HpyF50II,TCNGA,TC[ACGT]GA
HpyF51I,GTSAC,GT[CG]AC
HpyF51II,ACNGT,AC[ACGT]GT
HpyF52I,TCGA,TCGA
HpyF52II,CGCG,CGCG
HpyF52III,GTAC,GTAC
HpyF53I,GGCC,GGCC
HpyF53II,GTAC,GTAC
HpyF54I,ACNGT,AC[ACGT]GT
HpyF55I,ACNGT,AC[ACGT]GT
HpyF55II,GANTC,GA[ACGT]TC
HpyF56I,ACNGT,AC[ACGT]GT
HpyF57I,GGCC,GGCC
HpyF58I,ACNGT,AC[ACGT]GT
HpyF59I,CTNAG,CT[ACGT]AG
HpyF59II,GTAC,GTAC
HpyF59III,TCGA,TCGA
HpyF60I,GANTC,GA[ACGT]TC
HpyF60II,CTNAG,CT[ACGT]AG
HpyF61I,TCNGA,TC[ACGT]GA
HpyF61II,CCNNGG,CC[ACGT][ACGT]GG
HpyF61III,CGWCG,CG[AT]CG
HpyF62I,ACNGT,AC[ACGT]GT
HpyF62II,TCGA,TCGA
HpyF62III,GTSAC,GT[CG]AC
HpyF63I,GGCC,GGCC
HpyF64I,TCGA,TCGA
HpyF64II,ACNGT,AC[ACGT]GT
HpyF64III,TCNGA,TC[ACGT]GA
HpyF64IV,CGCG,CGCG
HpyF64V,CTNAG,CT[ACGT]AG
HpyF65I,ACNGT,AC[ACGT]GT
HpyF65II,TCGA,TCGA
HpyF65III,GTAC,GTAC
HpyF66I,GGNCC,GG[ACGT]CC
HpyF66II,CTNAG,CT[ACGT]AG
HpyF66III,GTAC,GTAC
HpyF66IV,TCGA,TCGA
HpyF67I,CTNAG,CT[ACGT]AG
HpyF67II,TGCA,TGCA
HpyF67III,GGATG,GGATG
HpyF67IV,CCNNGG,CC[ACGT][ACGT]GG
HpyF68I,ACNGT,AC[ACGT]GT
HpyF68II,CTNAG,CT[ACGT]AG
HpyF69I,ACNGT,AC[ACGT]GT
HpyF69II,GGCC,GGCC
HpyF70I,CTNAG,CT[ACGT]AG
HpyF71I,TCGA,TCGA
HpyF71II,GGNCC,GG[ACGT]CC
HpyF71III,GANTC,GA[ACGT]TC
HpyF72I,GGCC,GGCC
HpyF72II,CTNAG,CT[ACGT]AG
HpyF72III,GANTC,GA[ACGT]TC
HpyF73I,GGNNCC,GG[ACGT][ACGT]CC
HpyF73II,TCGA,TCGA
HpyF73III,GGCC,GGCC
HpyF73IV,GGNCC,GG[ACGT]CC
HpyF74I,ACNGT,AC[ACGT]GT
HpyF74II,ACGT,ACGT
HpyGI,TCNNGA,TC[ACGT][ACGT]GA
HpyGII,TGCA,TGCA
HpyHI,CTNAG,CT[ACGT]AG
HpyHII,GTAC,GTAC
HpyHPK5I,CTNAG,CT[ACGT]AG
HpyHPK5II,GATC,GATC
HpyJP26I,TGCA,TGCA
HpyJP26II,TCGA,TCGA
HpyNI,CCNGG,CC[ACGT]GG
HpyNSH57I,GTAC,GTAC
HpyNSH57II,TCNNGA,TC[ACGT][ACGT]GA
HpyS300XIII,GCCTA,GCCTA
HpySE526I,ACGT,ACGT
HpyUM032XIII,CYANNNNNNNTRG,C[CT]A[ACGT][ACGT][ACGT][ACGT][ACGT][ACGT][ACGT]T[AG]G
HpyUM032XIII-mut1,CYANNNNNNNTTC,C[CT]A[ACGT][ACGT][ACGT][ACGT][ACGT][ACGT][ACGT]TTC
HpyUM032XIV,GAAAG,GAAAG
HpyUM037X,GTGGNAG,GTGG[ACGT]AG
HsoI,GCGC,GCGC
HsoII,CAYNNNNNRTG,CA[CT][ACGT][ACGT][ACGT][ACGT][ACGT][AG]TG
Hsp2I,GGWCC,GG[AT]CC
Hsp92I,GRCGYC,G[AG]CG[CT]C
Hsp92II,CATG,CATG
HspAI,GCGC,GCGC
HsuI,AAGCTT,AAGCTT
ItaI,GCNGC,GC[ACGT]GC
Jma19592I,GTATNAC,GTAT[ACGT]AC
Jma19592II,GRGCRAC,G[AG]GC[AG]AC
Jsp2502II,GRNGAAT,G[AG][ACGT]GAAT
KasI,GGCGCC,GGCGCC
Kaz48kI,RGGNCCY,[AG]GG[ACGT]CC[CT]
KflI,GGGWCCC,GGG[AT]CCC
Kor51II,RTCGAG,[AG]TCGAG
KoxI,GGTNACC,GGT[ACGT]ACC
KoxII,GRGCYC,G[AG]GC[CT]C
Kox165I,CCWGG,CC[AT]GG
KoyI,GTCGAC,GTCGAC
Kpl79I,CGATCG,CGATCG
KpnI,GGTACC,GGTACC
Kpn2I,TCCGGA,TCCGGA
Kpn10I,CCWGG,CC[AT]GG
Kpn12I,CTGCAG,CTGCAG
Kpn13I,CCWGG,CC[AT]GG
Kpn14I,CCWGG,CC[AT]GG
Kpn16I,CCWGG,CC[AT]GG
Kpn19I,CCGCGG,CCGCGG
Kpn30I,GCGCGC,GCGCGC
Kpn156V,CRTGATT,C[AG]TGATT
Kpn160II,CANCATC,CA[ACGT]CATC
Kpn327I,GACATC,GACATC
Kpn378I,CCGCGG,CCGCGG
Kpn39795III,CANCATC,CA[ACGT]CATC
KpnK14I,GGTACC,GGTACC
KpnNH25III,CTRGAG,CT[AG]GAG
KpnNIH30III,GTTCNAC,GTTC[ACGT]AC
KpnNIH50I,GCYAAG,GC[CT]AAG
Kpn2kI,CCNGG,CC[ACGT]GG
Kpn49kI,GAATTC,GAATTC
Kpn49kII,CCSGG,CC[CG]GG
KroI,GCCGGC,GCCGGC
KspI,CCGCGG,CCGCGG
Ksp22I,TGATCA,TGATCA
Ksp632I,CTCTTC,CTCTTC
KspAI,GTTAAC,GTTAAC
KspHK12I,CCWGG,CC[AT]GG
KspHK14I,CCWGG,CC[AT]GG
KspHK15I,YGGCCR,[CT]GGCC[AG]
KteAI,CCCGGG,CCCGGG
Kzo9I,GATC,GATC
Kzo49I,GGWCC,GG[AT]CC
Lba2029III,CYAAANG,C[CT]AAA[ACGT]G
LcaI,ATCGAT,ATCGAT
Lde4408II,ACAAAG,ACAAAG
LfeI,GCAGC,GCAGC
LfuRB21I,AAGGAG,AAGGAG
LguI,GCTCTTC,GCTCTTC
Lla497I,CCWGG,CC[AT]GG
LlaAI,GATC,GATC
LlaBI,CTRYAG,CT[AG][CT]AG
LlaCI,AAGCTT,AAGCTT
LlaDI,AGTACT,AGTACT
LlaDII,GCNGC,GC[ACGT]GC
LlaDCHI,GATC,GATC
LlaG2I,GCTAGC,GCTAGC
LlaG50I,CCGTKA,CCGT[GT]A
LlaKR2I,GATC,GATC
LlaMI,CCNGG,CC[ACGT]GG
LmnI,GCTCC,GCTCC
Lmo370I,AGCGCCG,AGCGCCG
Lmo540I,TAGRAG,TAG[AG]AG
Lmo911II,TAGRAG,TAG[AG]AG
Lmo6905I,TAGRAG,TAG[AG]AG
Lmo6907II,TAGRAG,TAG[AG]AG
Lmo11238I,TAGRAG,TAG[AG]AG
Lmo23459II,TAGRAG,TAG[AG]AG
Lmo11AII,TAGRAG,TAG[AG]AG
LmoH7I,GTATCC,GTATCC
Lmu60I,CCTNAGG,CCT[ACGT]AGG
LplI,ATCGAT,ATCGAT
Lpl116III,CAGRAG,CAG[AG]AG
Lpl520I,AGCCAG,AGCCAG
Lpl1004II,AGGRAG,AGG[AG]AG
LplK25I,AGGRAG,AGG[AG]AG
LpnI,RGCGCY,[AG]GCGC[CT]
LpnPI,CCDG,CC[AGT]G
Lra68I,GTTCNAG,GTTC[ACGT]AG
LsaDS4I,TGGAAT,TGGAAT
LsaM18I,GCWGC,GC[AT]GC
LspI,TTCGAA,TTCGAA
Lsp48III,AGCACC,AGCACC
Lsp1109I,GCAGC,GCAGC
Lsp1109II,GATC,GATC
Lsp1270I,RCATGY,[AG]CATG[CT]
Lsp6406VI,CRAGCAC,C[AG]AGCAC
LweI,GCATC,GCATC
MabI,ACCWGGT,ACC[AT]GGT
MaeI,CTAG,CTAG
MaeII,ACGT,ACGT
MaeIII,GTNAC,GT[ACGT]AC
Mae7806III,GGWCC,GG[AT]CC
MaeK81I,CGTACG,CGTACG
MaeK81II,GGNCC,GG[ACGT]CC
Maf25II,CACGCAG,CACGCAG
MalI,GATC,GATC
MamI,GATNNNNATC,GAT[ACGT][ACGT][ACGT][ACGT]ATC
MaqI,CRTTGAC,C[AG]TTGAC
MarI,AGCT,AGCT
MauI,CTGCAG,CTGCAG
MauAI,GCCGGC,GCCGGC
MauBI,CGCGCGCG,CGCGCGCG
MavI,CTCGAG,CTCGAG
Mba11I,AGGCGA,AGGCGA
MbaR4I,GCWGC,GC[AT]GC
MbiI,CCGCTC,CCGCTC
MboI,GATC,GATC
MboII,GAAGA,GAAGA
Mbo26II,CACGCAG,CACGCAG
Mbo30II,CACGCAG,CACGCAG
McaI,CTCGAG,CTCGAG
McaAI,GGCGCC,GGCGCC
McaCI,CCATC,CCATC
McaTI,GCGCGC,GCGCGC
MchI,GGCGCC,GGCGCC
MchAI,GCGGCCGC,GCGGCCGC
MchAII,GGCC,GGCC
MchCM4I,GAGGAG,GAGGAG
McrI,CGRYCG,CG[AG][CT]CG
Mcr10I,GAAGNNNNNCTC,GAAG[ACGT][ACGT][ACGT][ACGT][ACGT]CTC
MecI,CTCGAG,CTCGAG
Mel3JI,GATC,GATC
Mel5JI,GATC,GATC
Mel7JI,GATC,GATC
Mel4OI,GATC,GATC
Mel5OI,GATC,GATC
Mel2TI,GATC,GATC
Mel5TI,GATC,GATC
MeuI,GATC,GATC
MfeI,CAATTG,CAATTG
MflI,RGATCY,[AG]GATC[CT]
MfoI,GGWCC,GG[AT]CC
MfoAI,GGCC,GGCC
Mgl14481I,CCSGG,CC[CG]GG
MgoI,GATC,GATC
MhaI,CTCGAG,CTCGAG
Mha185III,CTGAAG,CTGAAG
Mha187III,CTGAAG,CTGAAG
MhaAI,CTGCAG,CTGCAG
MhlI,GDGCHC,G[AGT]GC[ACT]C
MhoI,GGNCC,GG[ACGT]CC
Mho2111I,AGCT,AGCT
Mho2965I,GCGC,GCGC
MisI,GCCGGC,GCCGGC
MizI,CTGCAG,CTGCAG
MjaI,CTAG,CTAG
MjaII,GGNCC,GG[ACGT]CC
MjaIII,GATC,GATC
MjaIV,GTNNAC,GT[ACGT][ACGT]AC
MjaV,GTAC,GTAC
MkaDII,GAGAYGT,GAGA[CT]GT
MkiI,AAGCTT,AAGCTT
MkrI,CTGCAG,CTGCAG
MkrAI,GATC,GATC
MlaI,TTCGAA,TTCGAA
MlaAI,CTCGAG,CTCGAG
MleI,GGATCC,GGATCC
MliI,GGWCC,GG[AT]CC
MlsI,TGGCCA,TGGCCA
MltI,AGCT,AGCT
MluI,ACGCGT,ACGCGT
Mlu23I,GGATCC,GGATCC
Mlu31I,TGGCCA,TGGCCA
Mlu40I,GDGCHC,G[AGT]GC[ACT]C
Mlu211III,AGCCCA,AGCCCA
Mlu1106I,RGGWCCY,[AG]GG[AT]CC[CT]
Mlu2300I,CCWGG,CC[AT]GG
Mlu9273I,TCGCGA,TCGCGA
Mlu9273II,GCCGGC,GCCGGC
MluB2I,TCGCGA,TCGCGA
MluCI,AATT,AATT
MluNI,TGGCCA,TGGCCA
MlyI,GAGTC,GAGTC
Mly113I,GGCGCC,GGCGCC
MmaI,CTGCAG,CTGCAG
MmeI,TCCRAC,TCC[AG]AC
MmeII,GATC,GATC
MmoSTI,CCNGG,CC[ACGT]GG
Mmu5I,GATC,GATC
MmuP2I,GATC,GATC
MmyCVI,CCATC,CCATC
MniI,GGCC,GGCC
MniII,CCGG,CCGG
MnlI,CCTC,CCTC
MnnI,GTYRAC,GT[CT][AG]AC
MnnII,GGCC,GGCC
MnnIV,GCGC,GCGC
MnoI,CCGG,CCGG
MnoIII,GATC,GATC
MosI,GATC,GATC
Mox20I,TGGCCA,TGGCCA
MphI,CCWGG,CC[AT]GG
Mph1103I,ATGCAT,ATGCAT
Mph1103II,GATC,GATC
Mpr154I,CCGCGG,CCGCGG
MprAceLVII,GATCAG,GATCAG
MpsI,CCWGG,CC[AT]GG
MpuI,CTCGAG,CTCGAG
MraI,CCGCGG,CCGCGG
MreI,CGCCGGCG,CGCCGGCG
MrhI,CTCGAG,CTCGAG
MroI,TCCGGA,TCCGGA
MroNI,GCCGGC,GCCGGC
MroXI,GAANNNNTTC,GAA[ACGT][ACGT][ACGT][ACGT]TTC
MsaI,GGCGCC,GGCGCC
MscI,TGGCCA,TGGCCA
MscAI,CTCGAG,CTCGAG
MseI,TTAA,TTAA
MsiI,CTCGAG,CTCGAG
MslI,CAYNNNNRTG,CA[CT][ACGT][ACGT][ACGT][ACGT][AG]TG
MspI,CCGG,CCGG
Msp11I,CTGCAG,CTGCAG
Msp16I,TGGCCA,TGGCCA
Msp17I,GRCGYC,G[AG]CG[CT]C
Msp20I,TGGCCA,TGGCCA
Msp23I,TCTAGA,TCTAGA
Msp23II,CTCGAG,CTCGAG
Msp24I,GGNCC,GG[ACGT]CC
Msp67I,CCNGG,CC[ACGT]GG
Msp67II,GATC,GATC
Msp199I,CCGG,CCGG
MspAI,GGWCC,GG[AT]CC
MspA1I,CMGCKG,C[AC]GC[GT]G
MspAK21I,GCWGC,GC[AT]GC
MspBI,GATC,GATC
MspB4I,GGYRCC,GG[CT][AG]CC
MspCI,CTTAAG,CTTAAG
MspGI,GCCGGC,GCCGGC
MspI7II,ACGRAG,ACG[AG]AG
MspI7IV,GCMGAAG,GC[AC]GAAG
MspJI,CNNR,C[ACGT][ACGT][AG]
MspNI,GGWCC,GG[AT]CC
MspNII,RGATCY,[AG]GATC[CT]
MspR9I,CCNGG,CC[ACGT]GG
MspSC27II,CCGCGAC,CCGCGAC
MspSWI,ATTTAAAT,ATTTAAAT
MspV281I,GWGCWC,G[AT]GC[AT]C
MspYI,YACGTR,[CT]ACGT[AG]
MssI,GTTTAAAC,GTTTAAAC
MstI,TGCGCA,TGCGCA
MstII,CCTNAGG,CCT[ACGT]AGG
MteI,GCGCNGCGC,GCGC[ACGT]GCGC
Mte37I,C,C
MthI,GATC,GATC
Mth1047I,GATC,GATC
MthAI,GATC,GATC
MthBI,GGNCC,GG[ACGT]CC
MthFI,CTAG,CTAG
MthTI,GGCC,GGCC
MthZI,CTAG,CTAG
Mtu18II,CACGCAG,CACGCAG
Mtu445II,CACGCAG,CACGCAG
Mtu446II,CACGCAG,CACGCAG
Mtu447III,CACGCAG,CACGCAG
Mtu448II,CACGCAG,CACGCAG
Mtu1007III,CACGCAG,CACGCAG
Mtu1008III,CACGCAG,CACGCAG
Mtu1009III,CACGCAG,CACGCAG
Mtu1451III,CACGCAG,CACGCAG
Mtu1452III,CACGCAG,CACGCAG
Mtu1453III,CACGCAG,CACGCAG
Mtu1454III,CACGCAG,CACGCAG
Mtu1456II,CACGCAG,CACGCAG
Mtu1457III,CACGCAG,CACGCAG
Mtu1459III,CACGCAG,CACGCAG
Mtu1460III,CACGCAG,CACGCAG
Mtu2242II,CACGCAG,CACGCAG
Mtu2279II,CACGCAG,CACGCAG
Mtu12961II,CACGCAG,CACGCAG
Mtu22115I,CACGCAG,CACGCAG
Mtu26105I,CACGCAG,CACGCAG
Mtu37004I,CACGCAG,CACGCAG
MtuBlII,CACGCAG,CACGCAG
MtuHN878II,CACGCAG,CACGCAG
MunI,CAATTG,CAATTG
MvaI,CCWGG,CC[AT]GG
Mva16I,TTCGAA,TTCGAA
Mva1269I,GAATGC,GAATGC
Mva1312II,GCATC,GCATC
MvaAI,CGCG,CGCG
MvnI,CGCG,CGCG
MvrI,CGATCG,CGATCG
MvsI,GGTACC,GGTACC
MvsAI,GGTACC,GGTACC
MvsBI,GGTACC,GGTACC
MvsCI,GGTACC,GGTACC
MvsDI,GGTACC,GGTACC
MvsEI,GGTACC,GGTACC
MwhI,GTTAAC,GTTAAC
MwoI,GCNNNNNNNGC,GC[ACGT][ACGT][ACGT][ACGT][ACGT][ACGT][ACGT]GC
MxaI,GAGCTC,GAGCTC
MziI,CAGCTG,CAGCTG
NaeI,GCCGGC,GCCGGC
Nal45188II,ACCAGC,ACCAGC
NamI,GGCGCC,GGCGCC
Nan19573I,GATATC,GATATC
Nan19573II,GATC,GATC
NarI,GGCGCC,GGCGCC
Nar7I,CTGRAG,CTG[AG]AG
NasI,CTGCAG,CTGCAG
NasBI,GGATCC,GGATCC
NasSI,GAGCTC,GAGCTC
NbaI,GCCGGC,GCCGGC
NblI,CGATCG,CGATCG
NbrI,GCCGGC,GCCGGC
Nbr128II,ACCGAC,ACCGAC
NcaI,GANTC,GA[ACGT]TC
NciI,CCSGG,CC[CG]GG
NciAI,GATC,GATC
NcoI,CCATGG,CCATGG
NcrI,AGATCT,AGATCT
NcuI,GAAGA,GAAGA
NcuII,CCCG,CCCG
NdaI,GGCGCC,GGCGCC
NdeI,CATATG,CATATG
NdeII,GATC,GATC
NflI,GATC,GATC
NflAI,GATATC,GATATC
NflAII,GATC,GATC
NflBI,GATC,GATC
NflHI,GCGGAG,GCGGAG
NflHII,CCGG,CCGG
NgbI,CTGCAG,CTGCAG
NgoAI,RGCGCY,[AG]GCGC[CT]
NgoAII,GGCC,GGCC
NgoAIII,CCGCGG,CCGCGG
NgoAIV,GCCGGC,GCCGGC
NgoAVI,GATC,GATC
NgoAVII,GCCGC,GCCGC
NgoAVIII,GACNNNNNTGA,GAC[ACGT][ACGT][ACGT][ACGT][ACGT]TGA
NgoAXVI,GGTGA,GGTGA
NgoBI,RGCGCY,[AG]GCGC[CT]
NgoBV,GGNNCC,GG[ACGT][ACGT]CC
NgoBVIII,GGTGA,GGTGA
NgoCI,RGCGCY,[AG]GCGC[CT]
NgoCII,GGCC,GGCC
NgoDIII,CCGCGG,CCGCGG
NgoDVIII,GGTGA,GGTGA
NgoDXIV,GATC,GATC
NgoEII,GCGC,GCGC
NgoFVII,GCSGC,GC[CG]GC
NgoGI,RGCGCY,[AG]GCGC[CT]
NgoGIII,CCGCGG,CCGCGG
NgoGV,GGNNCC,GG[ACGT][ACGT]CC
NgoJI,RGCGCY,[AG]GCGC[CT]
NgoJIII,CCGCGG,CCGCGG
NgoJVIII,GGTGA,GGTGA
NgoKIII,CCGCGG,CCGCGG
NgoMI,RGCGCY,[AG]GCGC[CT]
NgoMIII,CCGCGG,CCGCGG
NgoMIV,GCCGGC,GCCGGC
NgoMV,GGNNCC,GG[ACGT][ACGT]CC
NgoMVIII,GGTGA,GGTGA
NgoNII,GGCC,GGCC
NgoPII,GGCC,GGCC
NgoPIII,CCGCGG,CCGCGG
NgoSII,GGCC,GGCC
NgoTII,GGCC,GGCC
NgoWI,RGCGCY,[AG]GCGC[CT]
NhaXI,CAAGRAG,CAAG[AG]AG
NheI,GCTAGC,GCTAGC
NhoI,GCWGC,GC[AT]GC
NlaI,GGCC,GGCC
NlaII,GATC,GATC
NlaIII,CATG,CATG
NlaIV,GGNNCC,GG[ACGT][ACGT]CC
NlaCI,CATCAC,CATCAC
NlaDI,GATC,GATC
NlaDII,GGNCC,GG[ACGT]CC
NlaDIII,CCGCGG,CCGCGG
NlaSI,CCGCGG,CCGCGG
NlaSII,GRCGYC,G[AG]CG[CT]C
NliI,CYCGRG,C[CT]CG[AG]G
NliII,GGWCC,GG[AT]CC
Nli3877I,CYCGRG,C[CT]CG[AG]G
Nli3877II,GGWCC,GG[AT]CC
NmeAII,GATC,GATC
NmeAIII,GCCGAG,GCCGAG
NmeA6CIII,GCCGAC,GCCGAC
NmeBI,GACGC,GACGC
NmeBL859I,GATC,GATC
NmeCI,GATC,GATC
NmeDI,RCCGGY,[AG]CCGG[CT]
NmeRI,CAGCTG,CAGCTG
NmeSI,AGTACT,AGTACT
NmiI,GGTACC,GGTACC
NmuI,GCCGGC,GCCGGC
NmuAI,CYCGRG,C[CT]CG[AG]G
NmuAII,GGWCC,GG[AT]CC
NmuCI,GTSAC,GT[CG]AC
NmuDI,GATC,GATC
NmuEI,GATC,GATC
NmuEII,GGNCC,GG[ACGT]CC
NmuFI,GCCGGC,GCCGGC
NmuSI,GGNCC,GG[ACGT]CC
NocI,CTGCAG,CTGCAG
NopI,GTCGAC,GTCGAC
NotI,GCGGCCGC,GCGGCCGC
NovII,GANTC,GA[ACGT]TC
NpeUS61II,GATCGAC,GATCGAC
NphI,GATC,GATC
NruI,TCGCGA,TCGCGA
NruGI,GACNNNNNGTC,GAC[ACGT][ACGT][ACGT][ACGT][ACGT]GTC
NsbI,TGCGCA,TGCGCA
NsiI,ATGCAT,ATGCAT
NsiAI,GATC,GATC
NsiCI,GATATC,GATATC
NsiHI,GANTC,GA[ACGT]TC
NsoJS138I,CAGCTG,CAGCTG
NspI,RCATGY,[AG]CATG[CT]
NspII,GDGCHC,G[AGT]GC[ACT]C
NspIII,CYCGRG,C[CT]CG[AG]G
NspIV,GGNCC,GG[ACGT]CC
NspV,TTCGAA,TTCGAA
Nsp7121I,GGNCC,GG[ACGT]CC
Nsp29132I,TTCGAA,TTCGAA
Nsp29132II,GGATCC,GGATCC
NspAI,GATC,GATC
NspBI,TTCGAA,TTCGAA
NspBII,CMGCKG,C[AC]GC[GT]G
NspDI,CYCGRG,C[CT]CG[AG]G
NspDII,GGWCC,GG[AT]CC
NspEI,CYCGRG,C[CT]CG[AG]G
NspFI,TTCGAA,TTCGAA
NspGI,GGWCC,GG[AT]CC
NspHI,RCATGY,[AG]CATG[CT]
NspHII,GGWCC,GG[AT]CC
NspHIII,TGCGCA,TGCGCA
NspJI,TTCGAA,TTCGAA
NspKI,GGWCC,GG[AT]CC
NspLI,TGCGCA,TGCGCA
NspLII,GGNCC,GG[ACGT]CC
NspLKI,GGCC,GGCC
NspMI,TGCGCA,TGCGCA
NspMACI,AGATCT,AGATCT
NspSAI,CYCGRG,C[CT]CG[AG]G
NspSAII,GGTNACC,GGT[ACGT]ACC
NspSAIII,CCATGG,CCATGG
NspSAIV,GGATCC,GGATCC
NspWI,GCCGGC,GCCGGC
NsuI,GATC,GATC
NsuDI,GATC,GATC
NtaI,GACNNNGTC,GAC[ACGT][ACGT][ACGT]GTC
NtaSI,AGGCCT,AGGCCT
NtaSII,GCCGGC,GCCGGC
NunII,GGCGCC,GGCGCC
ObaBS10I,ACGAG,ACGAG
OchI,GGCC,GGCC
OcoI,CTCGAG,CTCGAG
OfoI,CYCGRG,C[CT]CG[AG]G
OgrI,CAACNAC,CAAC[ACGT]AC
OkrAI,GGATCC,GGATCC
OliI,CACNNNNGTG,CAC[ACGT][ACGT][ACGT][ACGT]GTG
OmiAI,GRGCYC,G[AG]GC[CT]C
OmiBI,GRGCYC,G[AG]GC[CT]C
OmiBII,GTMKAC,GT[AC][GT]AC
OspI,TTCGAA,TTCGAA
OspHL35III,YAGGAG,[CT]AGGAG
OtuI,AGCT,AGCT
OtuNI,AGCT,AGCT
OxaI,AGCT,AGCT
OxaNI,CCTNAGG,CCT[ACGT]AGG
PabI,GTAC,GTAC
PacI,TTAATTAA,TTAATTAA
PacIII,GTAATC,GTAATC
Pac25I,CCCGGG,CCCGGG
Pac1110I,GGATCC,GGATCC
Pac1110II,GATATC,GATATC
Pac19842II,CCTTGA,CCTTGA
PaeI,GCATGC,GCATGC
Pae7I,CCGCGG,CCGCGG
Pae8I,CTGCAG,CTGCAG
Pae9I,CTGCAG,CTGCAG
Pae14I,CTGCAG,CTGCAG
Pae15I,CTGCAG,CTGCAG
Pae17I,CCGCGG,CCGCGG
Pae22I,CTGCAG,CTGCAG
Pae24I,CTGCAG,CTGCAG
Pae25I,CTGCAG,CTGCAG
Pae26I,CTGCAG,CTGCAG
Pae36I,CCGCGG,CCGCGG
Pae39I,CTGCAG,CTGCAG
Pae40I,CTGCAG,CTGCAG
Pae41I,CTGCAG,CTGCAG
Pae42I,CCGCGG,CCGCGG
Pae43I,CCGCGG,CCGCGG
Pae44I,CCGCGG,CCGCGG
Pae95II,GATCGAG,GATCGAG
Pae177I,GGATCC,GGATCC
Pae181I,CCSGG,CC[CG]GG
PaeAI,CCGCGG,CCGCGG
PaeBI,CCCGGG,CCCGGG
PaeCI,GCATGC,GCATGC
PaeHI,GRGCYC,G[AG]GC[CT]C
PaeHII,CTGCAG,CTGCAG
PaePS50I,GCNNGC,GC[ACGT][ACGT]GC
PaeQI,CCGCGG,CCGCGG
PaeR7I,CTCGAG,CTCGAG
Pae2kI,AGATCT,AGATCT
Pae5kI,CCGCGG,CCGCGG
Pae14kI,CCGCGG,CCGCGG
Pae17kI,CAGCTG,CAGCTG
Pae18kI,AGATCT,AGATCT
PagI,TCATGA,TCATGA
PaiI,GGCC,GGCC
PalI,GGCC,GGCC
Pal408I,CCRTGAG,CC[AG]TGAG
PalAI,GGCGCGCC,GGCGCGCC
PamI,TGCGCA,TGCGCA
PamII,GRCGYC,G[AG]CG[CT]C
Pam7686I,CCATGG,CCATGG
Pam7902I,GCNNGC,GC[ACGT][ACGT]GC
PanI,CTCGAG,CTCGAG
Pan13I,GCWGC,GC[AT]GC
ParI,TGATCA,TGATCA
PasI,CCCWGGG,CCC[AT]GGG
PatAI,GGCGCC,GGCGCC
PatTI,C,C
PauI,GCGCGC,GCGCGC
PauAI,RCATGY,[AG]CATG[CT]
PauAII,TTTAAA,TTTAAA
Pba2294I,GTAAG,GTAAG
PboCI,GGATCC,GGATCC
PbrTI,GATC,GATC
PbuJKI,GGATG,GGATG
PbuMZI,ATTAAT,ATTAAT
PcaII,GACGAG,GACGAG
Pca17AI,CCWGG,CC[AT]GG
PceI,AGGCCT,AGGCCT
PciI,ACATGT,ACATGT
PciSI,GCTCTTC,GCTCTTC
PcoI,GAACNNNNNNTCC,GAAC[ACGT][ACGT][ACGT][ACGT][ACGT][ACGT]TCC
Pcr308II,CCAAAG,CCAAAG
PcsI,WCGNNNNNNNCGW,[AT]CG[ACGT][ACGT][ACGT][ACGT][ACGT][ACGT][ACGT]CG[AT]
PctI,GAATGC,GAATGC
Pde12I,GGNCC,GG[ACGT]CC
Pde133I,GGCC,GGCC
Pde137I,CCGG,CCGG
PdiI,GCCGGC,GCCGGC
Pdi8503III,CCGGNAG,CCGG[ACGT]AG
PdmI,GAANNNNTTC,GAA[ACGT][ACGT][ACGT][ACGT]TTC
Pdu1735I,CACCAC,CACCAC
Pei9403I,GATC,GATC
PenI,GCAGT,GCAGT
PfaI,GATC,GATC
PfaAI,GGYRCC,GG[CT][AG]CC
PfaAII,CATATG,CATATG
PfaAIII,GCATGC,GCATGC
PfeI,GAWTC,GA[AT]TC
Pfl8I,GGATCC,GGATCC
Pfl16I,GATATC,GATATC
Pfl18I,GAGCTC,GAGCTC
Pfl19I,GGWCC,GG[AT]CC
Pfl21I,CTGCAG,CTGCAG
Pfl23I,GTGCAC,GTGCAC
Pfl23II,CGTACG,CGTACG
Pfl27I,RGGWCCY,[AG]GG[AT]CC[CT]
Pfl37I,CTGCAG,CTGCAG
Pfl67I,CTCGAG,CTCGAG
Pfl1108I,TCGTAG,TCGTAG
Pfl1108II,CCGCGG,CCGCGG
Pfl8569I,GCNNGC,GC[ACGT][ACGT]GC
PflAI,CGCG,CGCG
PflBI,CCANNNNNTGG,CCA[ACGT][ACGT][ACGT][ACGT][ACGT]TGG
PflFI,GACNNNGTC,GAC[ACGT][ACGT][ACGT]GTC
PflKI,GGCC,GGCC
PflMI,CCANNNNNTGG,CCA[ACGT][ACGT][ACGT][ACGT][ACGT]TGG
PflNI,CTCGAG,CTCGAG
PflPt14I,RGCCCAC,[AG]GCCCAC
PflWI,CTCGAG,CTCGAG
PfoI,TCCNGGA,TCC[ACGT]GGA
Pfr12I,GTGCAC,GTGCAC
PfrCI,C,C
PfrJS2IV,CTTCNAC,CTTC[ACGT]AC
PfrJS12IV,TANAAG,TA[ACGT]AAG
PfrJS12V,GGCGGAG,GGCGGAG
PfrJS15III,CTTCNAC,CTTC[ACGT]AC
PfrJS23II,CTTCNAC,CTTC[ACGT]AC
PfrJS12aIV,TANAAG,TA[ACGT]AAG
PfrJS12aV,GGCGGAG,GGCGGAG
PfrJS15aIII,CTTCNAC,CTTC[ACGT]AC
PfrUF1II,CTTCNAC,CTTC[ACGT]AC
PfuNI,CGTACG,CGTACG
PgaI,ATCGAT,ATCGAT
PgaP128IV,GGCGAG,GGCGAG
PgaP129V,GGCGAG,GGCGAG
PglI,GCCGGC,GCCGGC
Pgl34I,CACGTG,CACGTG
PhaI,GCATC,GCATC
PhoI,GGCC,GGCC
PinI,AGTACT,AGTACT
PinAI,ACCGGT,ACCGGT
PinBI,ATGCAT,ATGCAT
PinBII,TCCGGA,TCCGGA
Pin17FIII,GGYGAB,GG[CT]GA[CGT]
PinP10III,ACACAG,ACACAG
PinP23II,CTRKCAG,CT[AG][GT]CAG
PinP30IV,ACACAG,ACACAG
PinP42II,CTRKCAG,CT[AG][GT]CAG
PinP57III,ACACAG,ACACAG
PinP59III,GAAGNAG,GAAG[ACGT]AG
PkrI,GCNGC,GC[ACGT]GC
PlaI,GGCC,GGCC
PlaII,TTCGAA,TTCGAA
PlaAI,CYCGRG,C[CT]CG[AG]G
PlaAII,GTAC,GTAC
PlaDI,CATCAG,CATCAG
PleI,GAGTC,GAGTC
Ple19I,CGATCG,CGATCG
Ple214I,GGCC,GGCC
PliI,GTGCAC,GTGCAC
PliMI,CGCCGAC,CGCCGAC
PluI,AGGCCT,AGGCCT
PluTI,GGCGCC,GGCGCC
PmaI,CTGCAG,CTGCAG
Pma44I,CTGCAG,CTGCAG
PmaCI,CACGTG,CACGTG
PmdI,CCTCAGC,CCTCAGC
PmeI,GTTTAAAC,GTTTAAAC
PmeII,GGWCC,GG[AT]CC
Pme5II,GACGAG,GACGAG
Pme35I,CCGG,CCGG
Pme55I,AGGCCT,AGGCCT
PmeS132I,GACGAG,GACGAG
PmlI,CACGTG,CACGTG
PmnI,GGCGCC,GGCGCC
PmyI,CTGCAG,CTGCAG
PntI,CGATCG,CGATCG
PolI,GGWCC,GG[AT]CC
PovI,TGATCA,TGATCA
PpaI,GGTCTC,GGTCTC
PpaAI,TTCGAA,TTCGAA
PpaAII,TCGA,TCGA
PpeI,GGGCCC,GGGCCC
PpeHI,C,C
Pph14I,GGYRCC,GG[CT][AG]CC
Pph288I,GATC,GATC
Pph1579I,GGNCC,GG[ACGT]CC
Pph1773I,GGNCC,GG[ACGT]CC
Pph2059I,CTGCAG,CTGCAG
Pph2066I,CTGCAG,CTGCAG
Pph3215I,GWGCWC,G[AT]GC[AT]C
PpiI,GAACNNNNNCTC,GAAC[ACGT][ACGT][ACGT][ACGT][ACGT]CTC
PpiP13II,CGCRGAC,CGC[AG]GAC
PpiP36II,CTRKCAG,CT[AG][GT]CAG
PpsI,GAGTC,GAGTC
Pps170I,GCWGC,GC[AT]GC
PpuI,GGCC,GGCC
Ppu6I,YACGTR,[CT]ACGT[AG]
Ppu10I,ATGCAT,ATGCAT
Ppu11I,YACGTR,[CT]ACGT[AG]
Ppu13I,AGGCCT,AGGCCT
Ppu20I,GRGCYC,G[AG]GC[CT]C
Ppu21I,YACGTR,[CT]ACGT[AG]
Ppu111I,GAATTC,GAATTC
Ppu1253I,GACGTC,GACGTC
PpuAI,CGTACG,CGTACG
PpuMI,RGGWCCY,[AG]GG[AT]CC[CT]
PpuXI,RGGWCCY,[AG]GG[AT]CC[CT]
Pre82I,CCGCAG,CCGCAG
Pru2I,GGCC,GGCC
Pru4541I,GCWGC,GC[AT]GC
Psb9879I,GGCC,GGCC
PscI,ACATGT,ACATGT
Psc2I,GAANNNNTTC,GAA[ACGT][ACGT][ACGT][ACGT]TTC
Psc27I,TTCGAA,TTCGAA
Psc28I,TTCGAA,TTCGAA
PseI,GGNCC,GG[ACGT]CC
Pse18267I,RCCGAAG,[AG]CCGAAG
PshAI,GACNNNNGTC,GAC[ACGT][ACGT][ACGT][ACGT]GTC
PshBI,ATTAAT,ATTAAT
PshCI,CACGTG,CACGTG
PshDI,CACGTG,CACGTG
PshEI,CTGCAG,CTGCAG
PsiI,TTATAA,TTATAA
PspI,GGNCC,GG[ACGT]CC
Psp03I,GGWCC,GG[AT]CC
Psp3I,CAGCTG,CAGCTG
Psp4I,CTCGAG,CTCGAG
Psp5I,CAGCTG,CAGCTG
Psp5II,RGGWCCY,[AG]GG[AT]CC[CT]
Psp6I,CCWGG,CC[AT]GG
Psp23I,CTGCAG,CTGCAG
Psp28I,CTGCAG,CTGCAG
Psp29I,GGCC,GGCC
Psp30I,GGGCCC,GGGCCC
Psp31I,GRGCYC,G[AG]GC[CT]C
Psp32I,GTCGAC,GTCGAC
Psp33I,GTCGAC,GTCGAC
Psp38I,CACGTG,CACGTG
Psp39I,CCWGG,CC[AT]GG
Psp46I,CTGCAG,CTGCAG
Psp56I,GGATCC,GGATCC
Psp61I,GCCGGC,GCCGGC
Psp89I,GTCGAC,GTCGAC
Psp0357II,GCGAAG,GCGAAG
Psp1009I,GCCNNNNNGGC,GCC[ACGT][ACGT][ACGT][ACGT][ACGT]GGC
Psp1406I,AACGTT,AACGTT
PspAI,CCCGGG,CCCGGG
PspALI,CCCGGG,CCCGGG
PspBI,CACGTG,CACGTG
Psp124BI,GAGCTC,GAGCTC
PspCI,CACGTG,CACGTG
PspDI,TCGCGA,TCGCGA
PspEI,GGTNACC,GGT[ACGT]ACC
PspFI,CCCAGC,CCCAGC
PspGI,CCWGG,CC[AT]GG
Psp10HII,GRAGCAG,G[AG]AGCAG
PspLI,CGTACG,CGTACG
PspNI,CTCGAG,CTCGAG
PspN4I,GGNNCC,GG[ACGT][ACGT]CC
PspOMI,GGGCCC,GGGCCC
PspOMII,CGCCCAR,CGCCCA[AG]
PspPI,GGNCC,GG[ACGT]CC
PspPPI,RGGWCCY,[AG]GG[AT]CC[CT]
PspPRI,CCYCAG,CC[CT]CAG
PspSI,CTGCAG,CTGCAG
PspXI,VCTCGAGB,[ACG]CTCGAG[CGT]
PsrI,GAACNNNNNNTAC,GAAC[ACGT][ACGT][ACGT][ACGT][ACGT][ACGT]TAC
PssI,RGGNCCY,[AG]GG[ACGT]CC[CT]
PstI,CTGCAG,CTGCAG
Pst145I,CTAMRAG,CTA[AC][AG]AG
Pst273I,GATCGAG,GATCGAG
Pst14472I,CNYACAC,C[ACGT][CT]ACAC
PstNI,CAGNNNCTG,CAG[ACGT][ACGT][ACGT]CTG
PstNHI,GCTAGC,GCTAGC
PsuI,RGATCY,[AG]GATC[CT]
Psu161I,CGATCG,CGATCG
PsuAI,YACGTR,[CT]ACGT[AG]
PsuGI,BBCGD,[CGT][CGT]CG[AGT]
PsuNI,CRCCGGYG,C[AG]CCGG[CT]G
PsyI,GACNNNGTC,GAC[ACGT][ACGT][ACGT]GTC
PtaI,TCCGGA,TCCGGA
PteI,GCGCGC,GCGCGC
Pun14627I,TGCGCA,TGCGCA
Pun14627II,CAGCTG,CAGCTG
PunAI,CYCGRG,C[CT]CG[AG]G
PunAII,RCATGY,[AG]CATG[CT]
PvuI,CGATCG,CGATCG
PvuII,CAGCTG,CAGCTG
Pvu84I,CGATCG,CGATCG
Pvu84II,CAGCTG,CAGCTG
PvuHKUI,CAGCTG,CAGCTG
PxyI,C,C
PxyARI,GATATC,GATATC
PxyJKI,ATGCAT,ATGCAT
PxyMZI,CCTNAGG,CCT[ACGT]AGG
Ral8I,GGATC,GGATC
RalF40I,GATC,GATC
RaqI,CCGCGG,CCGCGG
Rba2021I,CACGAGH,CACGAG[ACT]
RcaI,TCATGA,TCATGA
RceI,CATCGAC,CATCGAC
RdeGBI,CCGCAG,CCGCAG
RdeGBII,ACCCAG,ACCCAG
RdeGBIII,TGRYCA,TG[AG][CT]CA
RdeR2I,GCNGC,GC[ACGT]GC
Rfl17I,GCNGC,GC[ACGT]GC
RflFI,GTCGAC,GTCGAC
RflFII,AGTACT,AGTACT
RflFIII,CGCCAG,CGCCAG
RgaI,GCGATCGC,GCGATCGC
RhcI,TCATGA,TCATGA
RheI,GTCGAC,GTCGAC
RhpI,GTCGAC,GTCGAC
RhsI,GGATCC,GGATCC
RigI,GGCCGGCC,GGCCGGCC
RlaI,VCW,[ACG]C[AT]
RlaII,ACACAG,ACACAG
Rle69I,GGTCTC,GGTCTC
RleAI,CCCACA,CCCACA
RluI,GCCGGC,GCCGGC
Rlu1I,GATC,GATC
Rlu3I,GGNNCC,GG[ACGT][ACGT]CC
Rlu4I,GGATCC,GGATCC
RmaI,CTAG,CTAG
Rma376I,TTCGAA,TTCGAA
Rma485I,CTAG,CTAG
Rma486I,CTAG,CTAG
Rma490I,CTAG,CTAG
Rma495I,CTAG,CTAG
Rma495II,GATATC,GATATC
Rma496I,CTAG,CTAG
Rma496II,GATATC,GATATC
Rma497I,CTAG,CTAG
Rma497II,GATATC,GATATC
Rma500I,CTAG,CTAG
Rma501I,CTAG,CTAG
Rma503I,CTAG,CTAG
Rma506I,CTAG,CTAG
Rma509I,CTAG,CTAG
Rma510I,CTAG,CTAG
Rma515I,CTAG,CTAG
Rma516I,CTAG,CTAG
Rma517I,CTAG,CTAG
Rma518I,CTAG,CTAG
Rma519I,CTAG,CTAG
Rma522I,CTAG,CTAG
Rma523I,TTCGAA,TTCGAA
Rme21I,ATCGAT,ATCGAT
Rmu369III,GGCYAC,GGC[CT]AC
Ror431III,CTRGAG,CT[AG]GAG
RpaI,GTYGGAG,GT[CT]GGAG
RpaBI,CCCGCAG,CCCGCAG
RpaB5I,CGRGGAC,CG[AG]GGAC
RpaTI,GRTGGAG,G[AG]TGGAG
RrhI,GTCGAC,GTCGAC
Rrh4273I,GTCGAC,GTCGAC
RrhJ1I,GCCGGC,GCCGGC
RroI,GTCGAC,GTCGAC
RruI,TCGCGA,TCGCGA
RsaI,GTAC,GTAC
RsaNI,GTAC,GTAC
RseI,CAYNNNNRTG,CA[CT][ACGT][ACGT][ACGT][ACGT][AG]TG
RshI,CGATCG,CGATCG
RshII,CCSGG,CC[CG]GG
RspI,CGATCG,CGATCG
Rsp008IV,ACGCAG,ACGCAG
Rsp008V,GCCCAT,GCCCAT
Rsp531II,CACACG,CACACG
RspLKI,GCATGC,GCATGC
RspLKII,GGATCC,GGATCC
RspPBTS2III,CTTCGAG,CTTCGAG
RspRSI,GCCNNNNNGGC,GCC[ACGT][ACGT][ACGT][ACGT][ACGT]GGC
RspXI,TCATGA,TCATGA
RsrI,GAATTC,GAATTC
RsrII,CGGWCCG,CGG[AT]CCG
Rsr2I,CGGWCCG,CGG[AT]CCG
RtrI,GTCGAC,GTCGAC
Rtr20I,GAAGAC,GAAGAC
Rtr63I,GTCGAC,GTCGAC
Rtr1953I,TGANNNNNNTGA,TGA[ACGT][ACGT][ACGT][ACGT][ACGT][ACGT]TGA
SaaI,CCGCGG,CCGCGG
SabI,CCGCGG,CCGCGG
SacI,GAGCTC,GAGCTC
SacII,CCGCGG,CCGCGG
SacAI,GCCGGC,GCCGGC
SacNI,GRGCYC,G[AG]GC[CT]C
Saf8902III,CAATNAG,CAAT[ACGT]AG
SagI,GGCC,GGCC
Sag16I,CTGCAG,CTGCAG
Sag23I,CTGCAG,CTGCAG
Sag901I,GCAAAT,GCAAAT
SaiI,GGGTC,GGGTC
SakI,CCGCGG,CCGCGG
SalI,GTCGAC,GTCGAC
Sal13I,CTGCAG,CTGCAG
Sal1974I,CTCGAG,CTCGAG
SalAI,GATC,GATC
SalCI,GCCGGC,GCCGGC
SalDI,TCGCGA,TCGCGA
SalHI,GATC,GATC
SalPI,CTGCAG,CTGCAG
SanDI,GGGWCCC,GGG[AT]CCC
SaoI,GCCGGC,GCCGGC
SapI,GCTCTTC,GCTCTTC
SaqAI,TTAA,TTAA
SarI,AGGCCT,AGGCCT
SasI,GAGGAG,GAGGAG
SatI,GCNGC,GC[ACGT]GC
SauI,CCTNAGG,CCT[ACGT]AGG
Sau2I,GGNCC,GG[ACGT]CC
Sau5I,GGNCC,GG[ACGT]CC
Sau10I,GGTACC,GGTACC
Sau12I,GGTCTC,GGTCTC
Sau13I,GGNCC,GG[ACGT]CC
Sau14I,GGNCC,GG[ACGT]CC
Sau15I,GATC,GATC
Sau16I,CCWGG,CC[AT]GG
Sau17I,GGNCC,GG[ACGT]CC
Sau32I,GGNCC,GG[ACGT]CC
Sau33I,GGNCC,GG[ACGT]CC
Sau90I,CTYRAG,CT[CT][AG]AG
Sau93I,CTYRAG,CT[CT][AG]AG
Sau96I,GGNCC,GG[ACGT]CC
Sau98I,CTYRAG,CT[CT][AG]AG
Sau557I,GGNCC,GG[ACGT]CC
Sau3239I,CTCGAG,CTCGAG
Sau6782I,GATC,GATC
SauAI,GCCGGC,GCCGGC
Sau3AI,GATC,GATC
SauBI,GGNCC,GG[ACGT]CC
SauBMKI,GCCGGC,GCCGGC
SauCI,GATC,GATC
SauDI,GATC,GATC
SauEI,GATC,GATC
SauFI,GATC,GATC
SauGI,GATC,GATC
SauHI,CCTNAGG,CCT[ACGT]AGG
SauHPI,GCCGGC,GCCGGC
SauLPI,GCCGGC,GCCGGC
SauLPII,CTCGAG,CTCGAG
SauMI,GATC,GATC
SauNI,GCCGGC,GCCGGC
SauSI,GCCGGC,GCCGGC
Sau96mI,CTYRAG,CT[CT][AG]AG
SbaI,CAGCTG,CAGCTG
Sba460II,GGNGAYG,GG[ACGT]GA[CT]G
SbfI,CCTGCAGG,CCTGCAGG
SbgI,GATC,GATC
Sbi68I,CTCGAG,CTCGAG
SblAI,CCWWGG,CC[AT][AT]GG
SblBI,CCWWGG,CC[AT][AT]GG
SblCI,CCWWGG,CC[AT][AT]GG
SboI,CCGCGG,CCGCGG
Sbo13I,TCGCGA,TCGCGA
Sbo46I,TGAAC,TGAAC
SbvI,GGCC,GGCC
ScaI,AGTACT,AGTACT
Sca1827I,CTCGAG,CTCGAG
SceIII,GCCGGC,GCCGGC
SceAI,CGCG,CGCG
Scg2I,CCWGG,CC[AT]GG
SchI,GAGTC,GAGTC
SchZI,CCGCGG,CCGCGG
SciI,CTCGAG,CTCGAG
Sci1831I,CTCGAG,CTCGAG
SciAI,GGTNACC,GGT[ACGT]ACC
SciAII,CAGCTG,CAGCTG
SciBI,CTCGAG,CTCGAG
SciNI,GCGC,GCGC
ScoI,GAGCTC,GAGCTC
ScoAI,CTGCAG,CTGCAG
ScoDS2II,GCTAAT,GCTAAT
ScoNI,GTGCAC,GTGCAC
ScrFI,CCNGG,CC[ACGT]GG
ScuI,CTCGAG,CTCGAG
SdaI,CCTGCAGG,CCTGCAGG
Sde240I,GCNGC,GC[ACGT]GC
SdeAI,CAGRAG,CAG[AG]AG
SdeAII,CCWGG,CC[AT]GG
SdeOSI,GACNNNNRTGA,GAC[ACGT][ACGT][ACGT][ACGT][AG]TGA
SdiI,GGCCNNNNNGGCC,GGCC[ACGT][ACGT][ACGT][ACGT][ACGT]GGCC
SdiAI,CTCGAG,CTCGAG
SduI,GDGCHC,G[AGT]GC[ACT]C
SdyI,GGNCC,GG[ACGT]CC
SecI,CCNNGG,CC[ACGT][ACGT]GG
SecII,CCGG,CCGG
SecIII,CCTNAGG,CCT[ACGT]AGG
SelI,CGCG,CGCG
SelAI,GGNCC,GG[ACGT]CC
SelPI,CCWGG,CC[AT]GG
Sen13III,GATCAG,GATCAG
Sen23IV,ATGAAG,ATGAAG
Sen31III,GATCAG,GATCAG
Sen312IV,GATCAG,GATCAG
Sen321III,GATCAG,GATCAG
Sen373III,CANCATC,CA[ACGT]CATC
Sen0392IV,GATCAG,GATCAG
Sen00538II,GATCAG,GATCAG
Sen870II,GATCAG,GATCAG
Sen1736II,GATCAG,GATCAG
Sen1878IV,GATCAG,GATCAG
Sen1880IV,GATCAG,GATCAG
Sen1896IV,GATCAG,GATCAG
Sen1898IV,GATCAG,GATCAG
Sen1906IV,GATCAG,GATCAG
Sen1908IV,GATCAG,GATCAG
Sen1910IV,GATCAG,GATCAG
Sen13311III,GATCAG,GATCAG
Sen17963III,CCAAAC,CCAAAC
Sen18746III,GATCAG,GATCAG
SenA242III,GATCAG,GATCAG
SenA1673III,GNGGCAG,G[ACGT]GGCAG
SenC1808III,GATCAG,GATCAG
SenC1810IV,GATCAG,GATCAG
SenK002II,GAANCAG,GAA[ACGT]CAG
SenLT2III,GATCAG,GATCAG
SenPT16I,CGGCCG,CGGCCG
SenPT14bI,CCGCGG,CCGCGG
SenPU131IV,GAANCAG,GAA[ACGT]CAG
SenS317IV,GATCAG,GATCAG
SenS320IV,GATCAG,GATCAG
SenSARA26III,ACRCAG,AC[AG]CAG
SenTFIV,GATCAG,GATCAG
SenWT7IV,GATCAG,GATCAG
SenWT8IV,CCAAAT,CCAAAT
SenWW012III,GATCAG,GATCAG
SenpCI,CCGCGG,CCGCGG
SepI,ATGCAT,ATGCAT
SepMI,GATATC,GATATC
SetI,ASST,A[CG][CG]T
SexI,CTCGAG,CTCGAG
SexAI,ACCWGGT,ACC[AT]GGT
SexBI,CCGCGG,CCGCGG
SexCI,CCGCGG,CCGCGG
SfaI,GGCC,GGCC
SfaAI,GCGATCGC,GCGATCGC
SfaGUI,CCGG,CCGG
SfaNI,GCATC,GCATC
SfcI,CTRYAG,CT[AG][CT]AG
SfeI,CTRYAG,CT[AG][CT]AG
SfiI,GGCCNNNNNGGCC,GGCC[ACGT][ACGT][ACGT][ACGT][ACGT]GGCC
SflI,CTGCAG,CTGCAG
SflHK1794I,CCWGG,CC[AT]GG
SflHK2374I,CCWGG,CC[AT]GG
SflHK2731I,CCWGG,CC[AT]GG
SflHK6873I,CCWGG,CC[AT]GG
SflHK7234I,CCWGG,CC[AT]GG
SflHK7462I,CCWGG,CC[AT]GG
SflHK8401I,CCWGG,CC[AT]GG
SflHK10695I,CCSGG,CC[CG]GG
SflHK10790I,CCWGG,CC[AT]GG
SflHK11086I,CCSGG,CC[CG]GG
SflHK11087I,CCSGG,CC[CG]GG
SflHK11572I,CCSGG,CC[CG]GG
SflHK115731I,CCSGG,CC[CG]GG
Sfl2aI,CCWGG,CC[AT]GG
Sfl2bI,CCWGG,CC[AT]GG
SfnI,GGWCC,GG[AT]CC
SfoI,GGCGCC,GGCGCC
SfrI,CCGCGG,CCGCGG
Sfr274I,CTCGAG,CTCGAG
Sfr303I,CCGCGG,CCGCGG
Sfr382I,CCGCGG,CCGCGG
SfuI,TTCGAA,TTCGAA
Sfu1762I,CTCGAG,CTCGAG
SgaI,CTCGAG,CTCGAG
SgeI,CNNGNNNNNNNNN,C[ACGT][ACGT]G[ACGT][ACGT][ACGT][ACGT][ACGT][ACGT][ACGT][ACGT][ACGT]
SgfI,GCGATCGC,GCGATCGC
Sgh1835I,GGWCC,GG[AT]CC
SghWII,GCCGGC,GCCGGC
SgiI,CTGCAG,CTGCAG
SgoI,CTCGAG,CTCGAG
Sgr20I,CCWGG,CC[AT]GG
Sgr1839I,TTCGAA,TTCGAA
Sgr1841I,CTCGAG,CTCGAG
Sgr13350I,GAGCTC,GAGCTC
Sgr13350III,GCTCTTC,GCTCTTC
SgrAI,CRCCGGYG,C[AG]CCGG[CT]G
SgrBI,CCGCGG,CCGCGG
SgrDI,CGTCGACG,CGTCGACG
SgrTI,CCDS,CC[AGT][CG]
SgsI,GGCGCGCC,GGCGCGCC
SguI,CC,CC
ShaI,GGGTC,GGGTC
ShyI,CCGCGG,CCGCGG
Shy1766I,CTCGAG,CTCGAG
SimI,GGGTC,GGGTC
SinI,GGWCC,GG[AT]CC
SinAI,GGWCC,GG[AT]CC
SinBI,GGWCC,GG[AT]CC
SinCI,GGWCC,GG[AT]CC
SinDI,GGWCC,GG[AT]CC
SinEI,GGWCC,GG[AT]CC
SinFI,GGWCC,GG[AT]CC
SinGI,GGWCC,GG[AT]CC
SinHI,GGWCC,GG[AT]CC
SinJI,GGWCC,GG[AT]CC
SinMI,GATC,GATC
SkaI,GCCGGC,GCCGGC
SkaII,CTGCAG,CTGCAG
SlaI,CTCGAG,CTCGAG
SlbI,GGTCTC,GGTCTC
SleI,CCWGG,CC[AT]GG
SluI,CTCGAG,CTCGAG
Slu1777I,GCCGGC,GCCGGC
SmaI,CCCGGG,CCCGGG
SmaAI,CGTACG,CGTACG
SmaAII,GACNNNGTC,GAC[ACGT][ACGT][ACGT]GTC
SmaAIII,CGATCG,CGATCG
SmaAIV,CAGCTG,CAGCTG
SmaUMH5I,CTTGAC,CTTGAC
SmaUMH8I,GCGAACB,GCGAAC[CGT]
SmiI,ATTTAAAT,ATTTAAAT
SmiMI,CAYNNNNRTG,CA[CT][ACGT][ACGT][ACGT][ACGT][AG]TG
SmiMII,GATATC,GATATC
SmiMBI,GATC,GATC
SmlI,CTYRAG,CT[CT][AG]AG
SmoI,CTYRAG,CT[CT][AG]AG
Smo40529I,GCCGGC,GCCGGC
SmoLI,CCGG,CCGG
SmoLII,GCAGT,GCAGT
SmuI,CCCGC,CCCGC
SmuCI,ATGCAT,ATGCAT
SmuEI,GGWCC,GG[AT]CC
SnaI,GTATAC,GTATAC
Sna3286I,TCGCGA,TCGCGA
SnaBI,TACGTA,TACGTA
SniI,CCWGG,CC[AT]GG
SnoI,GTGCAC,GTGCAC
Sno506I,GGCCGAG,GGCCGAG
SolI,GGATCC,GGATCC
Sol3335I,CAGCTG,CAGCTG
Sol10179I,CTCGAG,CTCGAG
SonI,ATCGAT,ATCGAT
SpaI,CTCGAG,CTCGAG
SpaHI,GCATGC,GCATGC
SpaPI,GACNNNGTC,GAC[ACGT][ACGT][ACGT]GTC
SpaPII,CGATCG,CGATCG
SpaPIII,CAGCTG,CAGCTG
SpaPIV,AAGCTT,AAGCTT
SpaXI,GCATGC,GCATGC
SpeI,ACTAGT,ACTAGT
SphI,GCATGC,GCATGC
Sph1719I,CTCGAG,CTCGAG
SplI,CGTACG,CGTACG
SplII,GACNNNGTC,GAC[ACGT][ACGT][ACGT]GTC
SplIII,GGCC,GGCC
SplAI,CGTACG,CGTACG
SplAII,GACNNNGTC,GAC[ACGT][ACGT][ACGT]GTC
SplAIII,CGATCG,CGATCG
SplAIV,CAGCTG,CAGCTG
SplRp8I,CCCAAG,CCCAAG
SpmI,ATCGAT,ATCGAT
Spn23FI,GATC,GATC
SpnRII,TCGAG,TCGAG
SpoI,TCGCGA,TCGCGA
SpoDI,GCGGRAG,GCGG[AG]AG
SprLI,CTGCAG,CTGCAG
SpuI,CCGCGG,CCGCGG
SpvI,GGATCC,GGATCC
SqiI,GCWGC,GC[AT]GC
SrfI,GCCCGGGC,GCCCGGGC
SriI,CTGCAG,CTGCAG
SrifpI,CTCGAG,CTCGAG
SrlI,GCCGGC,GCCGGC
SrlII,ATGCAT,ATGCAT
Srl19I,TTTAAA,TTTAAA
Srl1DI,CTGCAG,CTGCAG
Srl2DI,CTGCAG,CTGCAG
Srl5DI,CTGCAG,CTGCAG
Srl8DI,ATTAAT,ATTAAT
Srl32DI,CTGCAG,CTGCAG
Srl32DII,GAATTC,GAATTC
Srl55DI,GAATTC,GAATTC
Srl55DII,ATTAAT,ATTAAT
Srl56DI,CTRYAG,CT[AG][CT]AG
Srl61DI,TTTAAA,TTTAAA
Srl65DI,ATTAAT,ATTAAT
Srl76DI,TTTAAA,TTTAAA
Srl77DI,GCCGGC,GCCGGC
Srr17I,ATTAAT,ATTAAT
SruI,TTTAAA,TTTAAA
Sru4DI,ATTAAT,ATTAAT
Sru30DI,AGGCCT,AGGCCT
SsbI,AAGCTT,AAGCTT
SscL1I,GANTC,GA[ACGT]TC
SseI,TGATCA,TGATCA
SseII,CCGCGG,CCGCGG
Sse9I,AATT,AATT
Sse232I,CGCCGGCG,CGCCGGCG
Sse1825I,GGGWCCC,GGG[AT]CCC
Sse8387I,CCTGCAGG,CCTGCAGG
Sse8647I,AGGWCCT,AGG[AT]CCT
SseAI,GGCGCC,GGCGCC
SseBI,AGGCCT,AGGCCT
SshAI,CCTNAGG,CCT[ACGT]AGG
SsiI,CCGC,CCGC
SsiAI,GATC,GATC
SsiBI,GATC,GATC
SslI,CCWGG,CC[AT]GG
SsmI,CTGATG,CTGATG
SsmII,CCGCGG,CCGCGG
Ssm4I,GAGCTC,GAGCTC
Ssm5I,GAGCTC,GAGCTC
Ssm5II,CCGCGG,CCGCGG
SsoI,GAATTC,GAATTC
SsoII,CCNGG,CC[ACGT]GG
SspI,AATATT,AATATT
Ssp1I,TTCGAA,TTCGAA
Ssp2I,CCSGG,CC[CG]GG
Ssp4I,CTCGAG,CTCGAG
Ssp12I,CTGCAG,CTGCAG
Ssp14I,TTCGAA,TTCGAA
Ssp34I,TTCGAA,TTCGAA
Ssp42I,TTCGAA,TTCGAA
Ssp43I,TTCGAA,TTCGAA
Ssp45I,TTCGAA,TTCGAA
Ssp47I,TTCGAA,TTCGAA
Ssp48I,TTCGAA,TTCGAA
Ssp152I,TTCGAA,TTCGAA
Ssp714II,CGCAGCG,CGCAGCG
Ssp1725I,CCGCGG,CCGCGG
Ssp4800I,TGTACA,TGTACA
Ssp5230I,GACGTC,GACGTC
Ssp6714IV,GCGGRAG,GCGG[AG]AG
Ssp6803IV,GAAGGC,GAAGGC
Ssp27144I,ATCGAT,ATCGAT
SspAI,CCWGG,CC[AT]GG
SspBI,TGTACA,TGTACA
SspCI,GCCGGC,GCCGGC
SspDI,GGCGCC,GGCGCC
SspD5I,GGTGA,GGTGA
SspD5II,ATGCAT,ATGCAT
SspJI,TACGTA,TACGTA
SspJII,GRCGYC,G[AG]CG[CT]C
SspKI,CGTACG,CGTACG
SspMI,CTAG,CTAG
SspM1I,TACGTA,TACGTA
SspM1II,GRCGYC,G[AG]CG[CT]C
SspM1III,GGYRCC,GG[CT][AG]CC
SspM2I,TACGTA,TACGTA
SspM2II,GRCGYC,G[AG]CG[CT]C
SspP33II,GGGAC,GGGAC
SspRFI,TTCGAA,TTCGAA
SsrI,GTTAAC,GTTAAC
SstI,GAGCTC,GAGCTC
SstII,CCGCGG,CCGCGG
SstIV,TGATCA,TGATCA
Sst12I,CTGCAG,CTGCAG
SstE37I,CGAAGAC,CGAAGAC
SstE37III,CTGAAG,CTGAAG
Ssu211I,GATC,GATC
Ssu212I,GATC,GATC
Ssu220I,GATC,GATC
R1.Ssu2479I,GATC,GATC
R2.Ssu2479I,GATC,GATC
R1.Ssu4109I,GATC,GATC
R2.Ssu4109I,GATC,GATC
R1.Ssu4961I,GATC,GATC
R2.Ssu4961I,GATC,GATC
R1.Ssu8074I,GATC,GATC
R2.Ssu8074I,GATC,GATC
R1.Ssu11318I,GATC,GATC
R2.Ssu11318I,GATC,GATC
R1.SsuDAT1I,GATC,GATC
R2.SsuDAT1I,GATC,GATC
SsvI,AGGCCT,AGGCCT
StaI,CCGCGG,CCGCGG
StaAI,CTCGAG,CTCGAG
SteI,AGGCCT,AGGCCT
SthI,GGTACC,GGTACC
Sth117I,CCWGG,CC[AT]GG
Sth132I,CCCG,CCCG
Sth134I,CCGG,CCGG
Sth302I,CCWGG,CC[AT]GG
Sth302II,CCGG,CCGG
Sth368I,GATC,GATC
Sth455I,CCWGG,CC[AT]GG
Sth20745III,GGACGAC,GGACGAC
SthAI,GGTACC,GGTACC
SthBI,GGTACC,GGTACC
SthCI,GGTACC,GGTACC
SthDI,GGTACC,GGTACC
SthEI,GGTACC,GGTACC
SthFI,GGTACC,GGTACC
SthGI,GGTACC,GGTACC
SthHI,GGTACC,GGTACC
SthJI,GGTACC,GGTACC
SthKI,GGTACC,GGTACC
SthLI,GGTACC,GGTACC
SthMI,GGTACC,GGTACC
SthNI,GGTACC,GGTACC
SthSt3II,GAAGT,GAAGT
StrI,CTCGAG,CTCGAG
StsI,GGATG,GGATG
StuI,AGGCCT,AGGCCT
StyI,CCWWGG,CC[AT][AT]GG
Sty13348III,GATCAG,GATCAG
StyD4I,CCNGG,CC[ACGT]GG
SuaI,GGCC,GGCC
SuiI,GCWGC,GC[AT]GC
SulI,GGCC,GGCC
SunI,CGTACG,CGTACG
SurI,GGATCC,GGATCC
SurP32aII,ACRGAG,AC[AG]GAG
Sve194I,CTCGAG,CTCGAG
Sve396I,GCWGC,GC[AT]GC
SviI,TTCGAA,TTCGAA
SvoI,CRCCGGYG,C[AG]CCGG[CT]G
SwaI,ATTTAAAT,ATTTAAAT
SynI,GGWCC,GG[AT]CC
SynII,GAANNNNTTC,GAA[ACGT][ACGT][ACGT][ACGT]TTC
TaaI,ACNGT,AC[ACGT]GT
TaiI,ACGT,ACGT
TaqI,TCGA,TCGA
TaqII,GACCGA,GACCGA
TaqIII,CACCCA,CACCCA
Taq20I,TCGA,TCGA
Taq52I,GCWGC,GC[AT]GC
TaqXI,CCWGG,CC[AT]GG
TasI,AATT,AATT
TatI,WGTACW,[AT]GTAC[AT]
TauI,GCSGC,GC[CG]GC
TauII,CGGCCG,CGGCCG
Tbr51I,TCGA,TCGA
TceI,GAAGA,GAAGA
TdeI,GATC,GATC
TdeII,CTCTTC,CTCTTC
TdeIII,GGNCC,GG[ACGT]CC
TelI,GACNNNGTC,GAC[ACGT][ACGT][ACGT]GTC
TfiI,GAWTC,GA[AT]TC
TfiA3I,TCGA,TCGA
TfiTok6A1I,TCGA,TCGA
TflI,TCGA,TCGA
TglI,CCGCGG,CCGCGG
ThaI,CGCG,CGCG
TliI,CTCGAG,CTCGAG
TmaI,CGCG,CGCG
Tmu1I,CCSGG,CC[CG]GG
TneI,GCWGC,GC[AT]GC
TneDI,CGCG,CGCG
TpyTP2I,ACCAAG,ACCAAG
TrsKTI,GATC,GATC
TrsKTII,GACNNNGTC,GAC[ACGT][ACGT][ACGT]GTC
TrsKTIII,CATATG,CATATG
TrsSI,GATC,GATC
TrsSII,GACNNNNNNGTC,GAC[ACGT][ACGT][ACGT][ACGT][ACGT][ACGT]GTC
TrsTI,GATC,GATC
TrsTII,CTTAAG,CTTAAG
TruI,GGWCC,GG[AT]CC
TruII,GATC,GATC
Tru1I,TTAA,TTAA
Tru9I,TTAA,TTAA
Tru28I,GGWCC,GG[AT]CC
Tru201I,RGATCY,[AG]GATC[CT]
TscI,ACGT,ACGT
TscAI,CASTGNN,CA[CG]TG[ACGT][ACGT]
Tsc4aI,TCGA,TCGA
TseI,GCWGC,GC[AT]GC
TseAI,GDGCHC,G[AGT]GC[ACT]C
TseBI,GCWGC,GC[AT]GC
TseCI,AATT,AATT
TseDI,RCCGGY,[AG]CCGG[CT]
TseFI,GTSAC,GT[CG]AC
TsoI,TARCCA,TA[AG]CCA
TspI,GACNNNGTC,GAC[ACGT][ACGT][ACGT]GTC
Tsp1I,ACTGG,ACTGG
Tsp32I,TCGA,TCGA
Tsp32II,TCGA,TCGA
Tsp45I,GTSAC,GT[CG]AC
Tsp49I,ACGT,ACGT
Tsp132I,GGCC,GGCC
Tsp133I,GATC,GATC
Tsp219I,GCCNNNNNGGC,GCC[ACGT][ACGT][ACGT][ACGT][ACGT]GGC
Tsp266I,GGCC,GGCC
Tsp273I,GATATC,GATATC
Tsp273II,GGCC,GGCC
Tsp281I,GGCC,GGCC
Tsp301I,GGWCC,GG[AT]CC
Tsp358I,TCGA,TCGA
Tsp504I,CGGCCG,CGGCCG
Tsp505I,TCGA,TCGA
Tsp507I,TCCGGA,TCCGGA
Tsp509I,AATT,AATT
Tsp510I,TCGA,TCGA
Tsp514I,TCCGGA,TCCGGA
Tsp560I,GGCC,GGCC
TspAI,CCWGG,CC[AT]GG
TspARh3I,GRACGAC,G[AG]ACGAC
TspBI,CCRYGG,CC[AG][CT]GG
Tsp4CI,ACNGT,AC[ACGT]GT
TspDTI,ATGAA,ATGAA
TspEI,AATT,AATT
Tsp8EI,GCCNNNNNGGC,GCC[ACGT][ACGT][ACGT][ACGT][ACGT]GGC
TspGWI,ACGGA,ACGGA
TspGWII,CTGCAG,CTGCAG
TspIDSI,ACGT,ACGT
TspMI,CCCGGG,CCCGGG
TspNI,TCGA,TCGA
TspRI,CASTGNN,CA[CG]TG[ACGT][ACGT]
TspWAM8AI,ACGT,ACGT
TspZNI,GGCC,GGCC
TssI,GAGNNNCTC,GAG[ACGT][ACGT][ACGT]CTC
TstI,CACNNNNNNTCC,CAC[ACGT][ACGT][ACGT][ACGT][ACGT][ACGT]TCC
TsuI,GCGAC,GCGAC
TteI,GACNNNGTC,GAC[ACGT][ACGT][ACGT]GTC
TteAI,GGCC,GGCC
Tth24I,TCGA,TCGA
Tth111I,GACNNNGTC,GAC[ACGT][ACGT][ACGT]GTC
Tth111II,CAARCA,CAA[AG]CA
TthHB8I,TCGA,TCGA
TthHB27I,CAARCA,CAA[AG]CA
TthRQI,TCGA,TCGA
TtmI,ACGT,ACGT
TtmII,GCGCGC,GCGCGC
TtnI,GGCC,GGCC
TtoI,CCGCGG,CCGCGG
TtrI,GACNNNGTC,GAC[ACGT][ACGT][ACGT]GTC
Uba4I,GATC,GATC
Uba6I,ACGCGT,ACGCGT
Uba9I,GGCC,GGCC
Uba11I,CCWGG,CC[AT]GG
Uba13I,CCWGG,CC[AT]GG
Uba17I,CCNGG,CC[ACGT]GG
Uba19I,GGATCC,GGATCC
Uba20I,CCWGG,CC[AT]GG
Uba22I,ATCGAT,ATCGAT
Uba24I,ATCGAT,ATCGAT
Uba30I,ATCGAT,ATCGAT
Uba31I,GGATCC,GGATCC
Uba34I,ATCGAT,ATCGAT
Uba36I,YGGCCR,[CT]GGCC[AG]
Uba38I,GGATCC,GGATCC
Uba39I,GRGCYC,G[AG]GC[CT]C
Uba40I,AGGCCT,AGGCCT
Uba41I,CCSGG,CC[CG]GG
Uba42I,CCSGG,CC[CG]GG
Uba43I,ATCGAT,ATCGAT
Uba46I,CTGCAG,CTGCAG
Uba48I,GGWCC,GG[AT]CC
Uba51I,GGATCC,GGATCC
Uba54I,GGCC,GGCC
Uba57I,GRGCYC,G[AG]GC[CT]C
Uba58I,GAATTC,GAATTC
Uba59I,GATC,GATC
Uba61I,GGCC,GGCC
Uba62I,GGWCC,GG[AT]CC
Uba65I,GGTCTC,GGTCTC
Uba66I,CCGCGG,CCGCGG
Uba69I,GCGCGC,GCGCGC
Uba71I,CTGCAG,CTGCAG
Uba72I,CTGCAG,CTGCAG
Uba76I,GGTACC,GGTACC
Uba77I,CCGCGG,CCGCGG
Uba81I,CCWGG,CC[AT]GG
Uba82I,CCWGG,CC[AT]GG
Uba83I,AAGCTT,AAGCTT
Uba84I,GGTCTC,GGTCTC
Uba85I,GGTACC,GGTACC
Uba86I,GGTACC,GGTACC
Uba87I,GGTACC,GGTACC
Uba88I,GGATCC,GGATCC
Uba89I,GTCGAC,GTCGAC
Uba90I,CCGCGG,CCGCGG
Uba1093I,CCGCGG,CCGCGG
Uba1094I,AGTACT,AGTACT
Uba1095I,CCGCGG,CCGCGG
Uba1096I,ATCGAT,ATCGAT
Uba1097I,GGCC,GGCC
Uba1098I,GGATCC,GGATCC
Uba1099I,GGNCC,GG[ACGT]CC
Uba1100I,ATCGAT,ATCGAT
Uba1101I,GATC,GATC
Uba1111I,CCGCGG,CCGCGG
Uba1112I,CTGCAG,CTGCAG
Uba1113I,CCGCGG,CCGCGG
Uba1114I,CCWGG,CC[AT]GG
Uba1115I,CTGCAG,CTGCAG
Uba1116I,CTGCAG,CTGCAG
Uba1117I,TCGCGA,TCGCGA
Uba1118I,CCWGG,CC[AT]GG
Uba1119I,CTGCAG,CTGCAG
Uba1120I,CCWGG,CC[AT]GG
Uba1121I,CCWGG,CC[AT]GG
Uba1122I,GCCGGC,GCCGGC
Uba1123I,CTGCAG,CTGCAG
Uba1124I,GRGCYC,G[AG]GC[CT]C
Uba1125I,CCWGG,CC[AT]GG
Uba1126I,CCGCGG,CCGCGG
Uba1127I,GGYRCC,GG[CT][AG]CC
Uba1128I,CCGG,CCGG
Uba1129I,CGATCG,CGATCG
Uba1130I,CTCGAG,CTCGAG
Uba1131I,GGWCC,GG[AT]CC
Uba1133I,ATCGAT,ATCGAT
Uba1134I,GGNCC,GG[ACGT]CC
Uba1136I,TCCGGA,TCCGGA
Uba1137I,ATCGAT,ATCGAT
Uba1138I,ATCGAT,ATCGAT
Uba1139I,CGATCG,CGATCG
Uba1140I,GGCC,GGCC
Uba1141I,CCGG,CCGG
Uba1142I,GRGCYC,G[AG]GC[CT]C
Uba1144I,ATCGAT,ATCGAT
Uba1145I,ATCGAT,ATCGAT
Uba1146I,GGCC,GGCC
Uba1147I,GGCC,GGCC
Uba1148I,CTCGAG,CTCGAG
Uba1149I,CTGCAG,CTGCAG
Uba1150I,GGCC,GGCC
Uba1152I,GGCC,GGCC
Uba1153I,GGCC,GGCC
Uba1154I,CTCGAG,CTCGAG
Uba1155I,GGCC,GGCC
Uba1156I,GGGCCC,GGGCCC
Uba1157I,GGGCCC,GGGCCC
Uba1158I,AGTACT,AGTACT
Uba1159I,GRGCYC,G[AG]GC[CT]C
Uba1160I,GGNCC,GG[ACGT]CC
Uba1161I,ATCGAT,ATCGAT
Uba1162I,GCATGC,GCATGC
Uba1163I,GGATCC,GGATCC
Uba1164I,GGNCC,GG[ACGT]CC
Uba1164II,AAGCTT,AAGCTT
Uba1165I,GGGCCC,GGGCCC
Uba1166I,CTCGAG,CTCGAG
Uba1167I,GGATCC,GGATCC
Uba1168I,ATCGAT,ATCGAT
Uba1169I,GGCC,GGCC
Uba1170I,AGGCCT,AGGCCT
Uba1171I,CCWGG,CC[AT]GG
Uba1172I,GGATCC,GGATCC
Uba1173I,GGATCC,GGATCC
Uba1174I,GGCC,GGCC
Uba1175I,GGCC,GGCC
Uba1176I,GGCC,GGCC
Uba1177I,GATC,GATC
Uba1178I,GGCC,GGCC
Uba1179I,GGCC,GGCC
Uba1180I,AGGCCT,AGGCCT
Uba1181I,CCWGG,CC[AT]GG
Uba1182I,GATC,GATC
Uba1183I,GATC,GATC
Uba1184I,CTGCAG,CTGCAG
Uba1184II,CCTNAGG,CCT[ACGT]AGG
Uba1185I,CCWGG,CC[AT]GG
Uba1186I,CTGCAG,CTGCAG
Uba1187I,CCGCGG,CCGCGG
Uba1188I,YGGCCR,[CT]GGCC[AG]
Uba1189I,CCWGG,CC[AT]GG
Uba1190I,GACNNNNNGTC,GAC[ACGT][ACGT][ACGT][ACGT][ACGT]GTC
Uba1191I,GACNNNNNGTC,GAC[ACGT][ACGT][ACGT][ACGT][ACGT]GTC
Uba1192I,CTCTTC,CTCTTC
Uba1193I,CCWGG,CC[AT]GG
Uba1195I,ATCGAT,ATCGAT
Uba1196I,ATCGAT,ATCGAT
Uba1197I,ATCGAT,ATCGAT
Uba1198I,ATCGAT,ATCGAT
Uba1199I,ATCGAT,ATCGAT
Uba1200I,ATCGAT,ATCGAT
Uba1201I,GGTACC,GGTACC
Uba1202I,GGGCCC,GGGCCC
Uba1203I,GTGCAC,GTGCAC
Uba1204I,GATC,GATC
Uba1205I,GGATCC,GGATCC
Uba1205II,CYCGRG,C[CT]CG[AG]G
Uba1206I,GRGCYC,G[AG]GC[CT]C
Uba1207I,GGCC,GGCC
Uba1208I,GGCC,GGCC
Uba1209I,GGCC,GGCC
Uba1210I,GGCC,GGCC
Uba1211I,CTGCAG,CTGCAG
Uba1212I,CTGCAG,CTGCAG
Uba1213I,CTGCAG,CTGCAG
Uba1214I,GGCC,GGCC
Uba1215I,CTGCAG,CTGCAG
Uba1216I,CTGCAG,CTGCAG
Uba1217I,AGGCCT,AGGCCT
Uba1218I,CCWGG,CC[AT]GG
Uba1219I,AAGCTT,AAGCTT
Uba1220I,CCCGGG,CCCGGG
Uba1221I,GCTNAGC,GCT[ACGT]AGC
Uba1222I,GCTNAGC,GCT[ACGT]AGC
Uba1223I,GGCC,GGCC
Uba1224I,GGATCC,GGATCC
Uba1225I,CTGCAG,CTGCAG
Uba1226I,GCATGC,GCATGC
Uba1227I,CAGCTG,CAGCTG
Uba1228I,GGCC,GGCC
Uba1229I,CCGCGG,CCGCGG
Uba1230I,GGCC,GGCC
Uba1231I,GGCC,GGCC
Uba1232I,CTGCAG,CTGCAG
Uba1233I,ATCGAT,ATCGAT
Uba1234I,CCGCGG,CCGCGG
Uba1235I,GGCC,GGCC
Uba1237I,CTCGAG,CTCGAG
Uba1238I,ATCGAT,ATCGAT
Uba1239I,AGGCCT,AGGCCT
Uba1240I,TACGTA,TACGTA
Uba1241I,GGGCCC,GGGCCC
Uba1242I,GGATCC,GGATCC
Uba1243I,CCWGG,CC[AT]GG
Uba1244I,CCGCGG,CCGCGG
Uba1245I,CAGCTG,CAGCTG
Uba1246I,ATCGAT,ATCGAT
Uba1248I,CTCGAG,CTCGAG
Uba1249I,GGWCC,GG[AT]CC
Uba1250I,GGATCC,GGATCC
Uba1256I,CTGCAG,CTGCAG
Uba1257I,ATCGAT,ATCGAT
Uba1258I,GGATCC,GGATCC
Uba1259I,GATC,GATC
Uba1262I,CTGCAG,CTGCAG
Uba1263I,GRGCYC,G[AG]GC[CT]C
Uba1264I,GRGCYC,G[AG]GC[CT]C
Uba1266I,CTTAAG,CTTAAG
Uba1267I,CCGG,CCGG
Uba1271I,CTCGAG,CTCGAG
Uba1272I,GGWCC,GG[AT]CC
Uba1275I,ATCGAT,ATCGAT
Uba1276I,CTCTTC,CTCTTC
Uba1278I,GGWCC,GG[AT]CC
Uba1279I,TCCGGA,TCCGGA
Uba1280I,CCSGG,CC[CG]GG
Uba1282I,TGATCA,TGATCA
Uba1283I,TGATCA,TGATCA
Uba1284I,GCTNAGC,GCT[ACGT]AGC
Uba1286I,ATCGAT,ATCGAT
Uba1287I,CTGCAG,CTGCAG
Uba1288I,GGCC,GGCC
Uba1289I,CCTNNNNNAGG,CCT[ACGT][ACGT][ACGT][ACGT][ACGT]AGG
Uba1290I,CCTNNNNNAGG,CCT[ACGT][ACGT][ACGT][ACGT][ACGT]AGG
Uba1291I,GGTNACC,GGT[ACGT]ACC
Uba1292I,GGCC,GGCC
Uba1293I,GGCC,GGCC
Uba1294I,CCTNAGG,CCT[ACGT]AGG
Uba1294II,CTGCAG,CTGCAG
Uba1295I,ATCGAT,ATCGAT
Uba1296I,CTGCAG,CTGCAG
Uba1297I,GGATCC,GGATCC
Uba1298I,CTCGAG,CTCGAG
Uba1299I,CTTAAG,CTTAAG
Uba1302I,GGATCC,GGATCC
Uba1303I,CGRYCG,CG[AG][CT]CG
Uba1304I,GGWCC,GG[AT]CC
Uba1305I,GGNNCC,GG[ACGT][ACGT]CC
Uba1306I,CCGCGG,CCGCGG
Uba1307I,GRGCYC,G[AG]GC[CT]C
Uba1308I,CCTNNNNNAGG,CCT[ACGT][ACGT][ACGT][ACGT][ACGT]AGG
Uba1309I,CCTNNNNNAGG,CCT[ACGT][ACGT][ACGT][ACGT][ACGT]AGG
Uba1310I,CCTNNNNNAGG,CCT[ACGT][ACGT][ACGT][ACGT][ACGT]AGG
Uba1311I,CCWWGG,CC[AT][AT]GG
Uba1312I,CTTAAG,CTTAAG
Uba1313I,CTTAAG,CTTAAG
Uba1314I,GGWCC,GG[AT]CC
Uba1315I,ATCGAT,ATCGAT
Uba1316I,GGTCTC,GGTCTC
Uba1317I,GATC,GATC
Uba1318I,CCSGG,CC[CG]GG
Uba1319I,GGCC,GGCC
Uba1320I,GCTNAGC,GCT[ACGT]AGC
Uba1321I,CGCG,CGCG
Uba1322I,GGCC,GGCC
Uba1323I,GATC,GATC
Uba1324I,GGATCC,GGATCC
Uba1325I,GGATCC,GGATCC
Uba1326I,RGGNCCY,[AG]GG[ACGT]CC[CT]
Uba1327I,YGGCCR,[CT]GGCC[AG]
Uba1328I,CTGCAG,CTGCAG
Uba1329I,GRGCYC,G[AG]GC[CT]C
Uba1330I,GRGCYC,G[AG]GC[CT]C
Uba1331I,CTTAAG,CTTAAG
Uba1332I,CCTNAGG,CCT[ACGT]AGG
Uba1333I,CCTNAGG,CCT[ACGT]AGG
Uba1334I,GGATCC,GGATCC
Uba1335I,CTCGAG,CTCGAG
Uba1336I,GGCC,GGCC
Uba1337I,CTGCAG,CTGCAG
Uba1338I,CCGG,CCGG
Uba1339I,GGATCC,GGATCC
Uba1342I,ATCGAT,ATCGAT
Uba1343I,GGTCTC,GGTCTC
Uba1346I,GGATCC,GGATCC
Uba1347I,CCSGG,CC[CG]GG
Uba1353I,ATGCAT,ATGCAT
Uba1355I,CCGG,CCGG
Uba1357I,GRGCYC,G[AG]GC[CT]C
Uba1362I,GDGCHC,G[AGT]GC[ACT]C
Uba1363I,GRGCYC,G[AG]GC[CT]C
Uba1364I,CCGCGG,CCGCGG
Uba1366I,GATC,GATC
Uba1366II,ATCGAT,ATCGAT
Uba1367I,ATGCAT,ATGCAT
Uba1368I,GGGCCC,GGGCCC
Uba1369I,CCGCGG,CCGCGG
Uba1370I,CCSGG,CC[CG]GG
Uba1371I,AGGCCT,AGGCCT
Uba1372I,CCSGG,CC[CG]GG
Uba1373I,GGWCC,GG[AT]CC
Uba1374I,CTTAAG,CTTAAG
Uba1375I,TCCGGA,TCCGGA
Uba1376I,CCSGG,CC[CG]GG
Uba1377I,GGCC,GGCC
Uba1378I,CCSGG,CC[CG]GG
Uba1379I,ATCGAT,ATCGAT
Uba1380I,ATCGAT,ATCGAT
Uba1381I,GRCGYC,G[AG]CG[CT]C
Uba1382I,GAATGC,GAATGC
Uba1383I,GGATCC,GGATCC
Uba1384I,ATGCAT,ATGCAT
Uba1385I,TTCGAA,TTCGAA
Uba1386I,TCGCGA,TCGCGA
Uba1387I,GTGCAC,GTGCAC
Uba1388I,GGCC,GGCC
Uba1389I,CCSGG,CC[CG]GG
Uba1391I,CCNGG,CC[ACGT]GG
Uba1392I,GGCC,GGCC
Uba1393I,CCCGGG,CCCGGG
Uba1394I,ATCGAT,ATCGAT
Uba1395I,GGCC,GGCC
Uba1397I,CTCGAG,CTCGAG
Uba1398I,GGATCC,GGATCC
Uba1399I,CTGCAG,CTGCAG
Uba1400I,GATATC,GATATC
Uba1401I,CCSGG,CC[CG]GG
Uba1402I,GGATCC,GGATCC
Uba1403I,AGGCCT,AGGCCT
Uba1404I,CGCG,CGCG
Uba1405I,CGCG,CGCG
Uba1408I,GGCC,GGCC
Uba1408II,GTTAAC,GTTAAC
Uba1409I,GRGCYC,G[AG]GC[CT]C
Uba1410I,CCWGG,CC[AT]GG
Uba1411I,CTGCAG,CTGCAG
Uba1412I,ATCGAT,ATCGAT
Uba1413I,GGWCC,GG[AT]CC
Uba1414I,GGATCC,GGATCC
Uba1415I,GAATGC,GAATGC
Uba1416I,ATCGAT,ATCGAT
Uba1417I,CTGCAG,CTGCAG
Uba1418I,GGCC,GGCC
Uba1419I,AGGCCT,AGGCCT
Uba1420I,CTTAAG,CTTAAG
Uba1421I,GRGCYC,G[AG]GC[CT]C
Uba1422I,GGCC,GGCC
Uba1423I,CCSGG,CC[CG]GG
Uba1424I,CCSGG,CC[CG]GG
Uba1425I,TCCGGA,TCCGGA
Uba1426I,CTTAAG,CTTAAG
Uba1427I,ATCGAT,ATCGAT
Uba1428I,CCWGG,CC[AT]GG
Uba1429I,GGCC,GGCC
Uba1430I,ATCGAT,ATCGAT
Uba1431I,TGATCA,TGATCA
Uba1432I,RGATCY,[AG]GATC[CT]
Uba1433I,AGCT,AGCT
Uba1435I,AAGCTT,AAGCTT
Uba1436I,CYCGRG,C[CT]CG[AG]G
Uba1437I,CTGGAG,CTGGAG
Uba1438I,GGWCC,GG[AT]CC
Uba1439I,CCGG,CCGG
Uba1440I,CYCGRG,C[CT]CG[AG]G
Uba1441I,AGCT,AGCT
Uba1442I,CCNNGG,CC[ACGT][ACGT]GG
Uba1443I,CTTAAG,CTTAAG
Uba1444I,CTGGAG,CTGGAG
Uba1445I,GGNNCC,GG[ACGT][ACGT]CC
Uba1446I,CGCG,CGCG
Uba1447I,TGATCA,TGATCA
Uba1448I,CTCGAG,CTCGAG
Uba1449I,GGCC,GGCC
Uba1450I,GGCC,GGCC
Uba1451I,ATCGAT,ATCGAT
Uba1452I,TTCGAA,TTCGAA
Uba1453I,ATCGAT,ATCGAT
Uba4009I,GGATCC,GGATCC
Uba153AI,CAGCTG,CAGCTG
UbaF9I,TACNNNNNRTGT,TAC[ACGT][ACGT][ACGT][ACGT][ACGT][AG]TGT
UbaF11I,TCGTA,TCGTA
UbaF12I,CTACNNNGTC,CTAC[ACGT][ACGT][ACGT]GTC
UbaF13I,GAGNNNNNNCTGG,GAG[ACGT][ACGT][ACGT][ACGT][ACGT][ACGT]CTGG
UbaF14I,CCANNNNNTCG,CCA[ACGT][ACGT][ACGT][ACGT][ACGT]TCG
UbaHKAI,CCGCGG,CCGCGG
UbaHKBI,CTGCAG,CTGCAG
UbaLAI,CCWGG,CC[AT]GG
UbaM39I,CAGCTG,CAGCTG
UbaN1I,GATC,GATC
UbaN2I,GGCC,GGCC
UbaN3I,GGATCC,GGATCC
UbaN4I,GATATC,GATATC
UbaN5I,CTAG,CTAG
UbaN6I,GATNNNNATC,GAT[ACGT][ACGT][ACGT][ACGT]ATC
UbaN6II,CYCGRG,C[CT]CG[AG]G
UbaN7I,CTCTTC,CTCTTC
UbaN8I,GGCC,GGCC
UbaN9I,AACGTT,AACGTT
UbaN10I,WCCGGW,[AT]CCGG[AT]
UbaN11I,CCSGG,CC[CG]GG
UbaN11II,CCWGG,CC[AT]GG
UbaN12I,CACGAG,CACGAG
UbaN13I,CCGG,CCGG
UbaN14I,GGATCC,GGATCC
UbaN15I,GGWCC,GG[AT]CC
UbaN16I,CCWGG,CC[AT]GG
UbaN17I,AAGCTT,AAGCTT
UbaN18I,ATCGAT,ATCGAT
UbaN19I,TCTAGA,TCTAGA
UbaN20I,GATNNNNATC,GAT[ACGT][ACGT][ACGT][ACGT]ATC
UbaN21I,GATATC,GATATC
UbaN22I,ATCGAT,ATCGAT
UbaPI,CGAACG,CGAACG
UcoMSI,GAGCTC,GAGCTC
Umi5I,CYCGRG,C[CT]CG[AG]G
Umi7I,TGATCA,TGATCA
UnbI,GGNCC,GG[ACGT]CC
Uth549I,GGCC,GGCC
Uth554I,GGWCC,GG[AT]CC
Uth555I,GGCC,GGCC
Uth557I,GGCC,GGCC
Uur960I,GCNGC,GC[ACGT]GC
VanI,GCCNNNNNGGC,GCC[ACGT][ACGT][ACGT][ACGT][ACGT]GGC
Van91I,CCANNNNNTGG,CCA[ACGT][ACGT][ACGT][ACGT][ACGT]TGG
Van91II,GAATTC,GAATTC
Van91III,GGCC,GGCC
Van425II,CCKAAG,CC[GT]AAG
Van9116I,CCKAAG,CC[GT]AAG
VarFI,GCNGC,GC[ACGT]GC
VchE4II,RTAAAYG,[AG]TAAA[CT]G
VchN100I,GAATTC,GAATTC
VchO2I,GAATTC,GAATTC
VchO25I,GTATAC,GTATAC
VchO44I,AGGCCT,AGGCCT
VchO49I,AGTACT,AGTACT
VchO66I,GGNCC,GG[ACGT]CC
VchO68I,GCATGC,GCATGC
VchO70I,TCGCGA,TCGCGA
VchO85I,GGNCC,GG[ACGT]CC
VchO87I,CTGCAG,CTGCAG
VchO90I,GGNCC,GG[ACGT]CC
Vdi96II,GNCYTAG,G[ACGT]C[CT]TAG
VfiI,CTTAAG,CTTAAG
Vga43942II,CCANNNNNCTC,CCA[ACGT][ACGT][ACGT][ACGT][ACGT]CTC
VhaI,GGCC,GGCC
Vha44I,GATC,GATC
Vha464I,CTTAAG,CTTAAG
Vha1168I,GGCC,GGCC
Vha43516II,GCYYGAC,GC[CT][CT]GAC
VneI,GTGCAC,GTGCAC
VneAI,RGGNCCY,[AG]GG[ACGT]CC[CT]
VniI,GGCC,GGCC
VpaK11I,GGWCC,GG[AT]CC
VpaK15I,GGNCC,GG[ACGT]CC
VpaK25I,GGNCC,GG[ACGT]CC
VpaK32I,GCTCTTC,GCTCTTC
VpaK57I,GGTCTC,GGTCTC
VpaK65I,GGWCC,GG[AT]CC
VpaK3AI,CACGTG,CACGTG
VpaK4AI,CTGCAG,CTGCAG
VpaK7AI,GGWCC,GG[AT]CC
VpaK9AI,GGNCC,GG[ACGT]CC
VpaK11AI,GGWCC,GG[AT]CC
VpaK13AI,GGWCC,GG[AT]CC
VpaK19AI,GGNCC,GG[ACGT]CC
VpaK29AI,CTGCAG,CTGCAG
VpaK57AI,GGTCTC,GGTCTC
VpaK3BI,CACGTG,CACGTG
VpaK4BI,CTGCAG,CTGCAG
VpaK11BI,GGWCC,GG[AT]CC
VpaK19BI,GGNCC,GG[ACGT]CC
VpaK11CI,GGWCC,GG[AT]CC
VpaK11DI,GGWCC,GG[AT]CC
VpaKutAI,GGNCC,GG[ACGT]CC
VpaKutBI,GGNCC,GG[ACGT]CC
VpaKutEI,CTCTTC,CTCTTC
VpaKutFI,CTCTTC,CTCTTC
VpaKutGI,CTGCAG,CTGCAG
VpaKutHI,GGTCTC,GGTCTC
VpaKutJI,GGNCC,GG[ACGT]CC
VpaO5I,CTCTTC,CTCTTC
VspI,ATTAAT,ATTAAT
Vsp2246I,GGYRCC,GG[CT][AG]CC
Vtu19109I,CACRAYC,CAC[AG]A[CT]C
VvuEnv1II,CCGCAG,CCGCAG
WviI,CACRAG,CAC[AG]AG
XagI,CCTNNNNNAGG,CCT[ACGT][ACGT][ACGT][ACGT][ACGT]AGG
XamI,GTCGAC,GTCGAC
XapI,RAATTY,[AG]AATT[CT]
XbaI,TCTAGA,TCTAGA
XcaI,GTATAC,GTATAC
Xca85IV,TACGAG,TACGAG
XceI,RCATGY,[AG]CATG[CT]
XciI,GTCGAC,GTCGAC
XcmI,CCANNNNNNNNNTGG,CCA[ACGT][ACGT][ACGT][ACGT][ACGT][ACGT][ACGT][ACGT][ACGT]TGG
XcpI,CTGCAG,CTGCAG
XcyI,CCCGGG,CCCGGG
Xgl3216I,CGATCG,CGATCG
Xgl3217I,CGATCG,CGATCG
Xgl3218I,CGATCG,CGATCG
Xgl3219I,CGATCG,CGATCG
Xgl3220I,CGATCG,CGATCG
XhoI,CTCGAG,CTCGAG
XhoII,RGATCY,[AG]GATC[CT]
XmaI,CCCGGG,CCCGGG
XmaIII,CGGCCG,CGGCCG
XmaCI,CCCGGG,CCCGGG
XmaJI,CCTAGG,CCTAGG
XmiI,GTMKAC,GT[AC][GT]AC
XmlI,CGATCG,CGATCG
XmlAI,CGATCG,CGATCG
XmnI,GAANNNNTTC,GAA[ACGT][ACGT][ACGT][ACGT]TTC
XniI,CGATCG,CGATCG
XorI,CTGCAG,CTGCAG
XorII,CGATCG,CGATCG
XorKI,CGATCG,CGATCG
XorKII,CTGCAG,CTGCAG
XpaI,CTCGAG,CTCGAG
XphI,CTGCAG,CTGCAG
XspI,CTAG,CTAG
Xsp91II,CGACCAG,CGACCAG
XveI,CTGCAG,CTGCAG
YenI,CTGCAG,CTGCAG
YenAI,CTGCAG,CTGCAG
YenBI,CTGCAG,CTGCAG
YenCI,CTGCAG,CTGCAG
YenDI,CTGCAG,CTGCAG
YenEI,CTGCAG,CTGCAG
YkrI,C,C
Yps3606I,CGGAAG,CGGAAG
ZanI,CCWGG,CC[AT]GG
ZhoI,ATCGAT,ATCGAT
ZraI,GACGTC,GACGTC
ZrmI,AGTACT,AGTACT
Zsp2I,ATGCAT,ATGCAT
